id,articleName,articleNumber,articleDescription,extensiveDescription,brandName,gtin,rsk,enumber,ebvdId,gradeId,grade,gradeIds,grades,expirationDate,bastaArticleUrl,company,bk04Code,bsabCode,flags,lastModifiedAt,source_id,run_key,retrieval_date,doc_hash,sample_seed,sample_index
490632,T-nock slut 300 BEN Mellangrå,036528,,,,07340018199703,,,,1,ALFA,[1],['ALFA'],,https://www.bastaonline.se/?aid=490632,"{'id': 458, 'name': 'Benders Sverige AB', 'url': None}","{'code': '01601', 'name': 'Takpannor, betong'}","{'code': 'J', 'name': 'SKIKT AV BYGGPAPP, TÄTSKIKTSMATTA, ASFALT, DUK, PLASTFILM, PLAN PLÅT, ÖVERLÄGGSPLATTOR E D', 'aggregationName': None}","{'hasSubstancesCoveredByInformationRequirements': False, 'hasInformation': True, 'hasHealthAndEnvironmentalHazards': True, 'hasCircularity': False, 'hasRenewability': False, 'hasEnvironmentalEffects': False, 'hasEmissionsAndTests': False, 'hasArticleDocumentation': False, 'hasEpdDocumentation': False, 'hasBvdDocumentation': False, 'hasPbDocumentation': False, 'hasEmissionDocumentation': False, 'hasMhibetaDocumentation': False, 'hasSdbDocumentation': False, 'hasOtherDocumentation': False, 'hasCirculatedMaterials': False, 'hasReusability': False, 'hasReusabilityPercentage': False, 'hasRecyclability': False, 'hasRecyclabilityPercentage': False, 'hasCircularityBusinessModels': False, 'hasRenewableMaterials': False, 'hasBoverketEnvironmentalEffects': False, 'hasSwedishWoodArticle': False, 'hasEmissionsAndTestsVoc': False, 'hasEmissionsAndTestsFormaldehyde': False, 'hasEmissionsAndTestsCarcinogenic': False, 'hasEmissionsAndTestsLeaching': False}",2017-09-11T15:30:44.407,AS-33,probe-20260917-as33bastaprobe-3,2026-09-17,c3a051eb0beebd5494f14dce1c01dd9a9e02c63ac8d086a90916d32b347b4665,42,1
590396,"ESV Rakdel 10 10/10, infästning M27",3RD02-08,ESV-Stolpe,,AB Varmförzinkning,,,,,1,ALFA,[1],['ALFA'],,https://www.bastaonline.se/?aid=590396,"{'id': 700, 'name': 'AB Varmförzinkning', 'url': None}","{'code': '18202', 'name': 'Utomhusbelysning'}","{'code': 'SBC.21', 'name': 'Stolpar och master för vägbelysning e d', 'aggregationName': None}","{'hasSubstancesCoveredByInformationRequirements': False, 'hasInformation': True, 'hasHealthAndEnvironmentalHazards': True, 'hasCircularity': True, 'hasRenewability': True, 'hasEnvironmentalEffects': False, 'hasEmissionsAndTests': False, 'hasArticleDocumentation': False, 'hasEpdDocumentation': False, 'hasBvdDocumentation': False, 'hasPbDocumentation': False, 'hasEmissionDocumentation': False, 'hasMhibetaDocumentation': False, 'hasSdbDocumentation': False, 'hasOtherDocumentation': False, 'hasCirculatedMaterials': False, 'hasReusability': False, 'hasReusabilityPercentage': False, 'hasRecyclability': False, 'hasRecyclabilityPercentage': False, 'hasCircularityBusinessModels': False, 'hasRenewableMaterials': False, 'hasBoverketEnvironmentalEffects': False, 'hasSwedishWoodArticle': False, 'hasEmissionsAndTestsVoc': False, 'hasEmissionsAndTestsFormaldehyde': False, 'hasEmissionsAndTestsCarcinogenic': False, 'hasEmissionsAndTestsLeaching': False}",2025-11-20T14:54:10.297,AS-33,probe-20260917-as33bastaprobe-3,2026-09-17,c3a051eb0beebd5494f14dce1c01dd9a9e02c63ac8d086a90916d32b347b4665,42,2
424585,Eurofox Konsol MFT-EFI,2030848,"460 U 6,5 ",,Hilti,,,,,1,ALFA,[1],['ALFA'],,https://www.bastaonline.se/?aid=424585,"{'id': 86, 'name': 'Hilti Svenska AB', 'url': None}","{'code': '01699', 'name': 'Tak- och väggbeklädnad övrigt'}","{'code': 'J', 'name': 'SKIKT AV BYGGPAPP, TÄTSKIKTSMATTA, ASFALT, DUK, PLASTFILM, PLAN PLÅT, ÖVERLÄGGSPLATTOR E D', 'aggregationName': None}","{'hasSubstancesCoveredByInformationRequirements': False, 'hasInformation': True, 'hasHealthAndEnvironmentalHazards': True, 'hasCircularity': False, 'hasRenewability': False, 'hasEnvironmentalEffects': False, 'hasEmissionsAndTests': False, 'hasArticleDocumentation': False, 'hasEpdDocumentation': False, 'hasBvdDocumentation': False, 'hasPbDocumentation': False, 'hasEmissionDocumentation': False, 'hasMhibetaDocumentation': False, 'hasSdbDocumentation': False, 'hasOtherDocumentation': False, 'hasCirculatedMaterials': False, 'hasReusability': False, 'hasReusabilityPercentage': False, 'hasRecyclability': False, 'hasRecyclabilityPercentage': False, 'hasCircularityBusinessModels': False, 'hasRenewableMaterials': False, 'hasBoverketEnvironmentalEffects': False, 'hasSwedishWoodArticle': False, 'hasEmissionsAndTestsVoc': False, 'hasEmissionsAndTestsFormaldehyde': False, 'hasEmissionsAndTestsCarcinogenic': False, 'hasEmissionsAndTestsLeaching': False}",2014-07-11T12:04:26.527,AS-33,probe-20260917-as33bastaprobe-3,2026-09-17,c3a051eb0beebd5494f14dce1c01dd9a9e02c63ac8d086a90916d32b347b4665,42,3
556985,VÅTRUMSVÄGG 26554B TERMALIFE B,201216,ÅRD UNI STORM,,,7332729101649,,,,1,ALFA,[1],['ALFA'],,https://www.bastaonline.se/?aid=556985,"{'id': 328, 'name': 'Forbo Flooring AB', 'url': None}","{'code': '03104', 'name': 'Plastgolv'}","{'code': 'M', 'name': 'SKIKT AV BELÄGGNINGS- OCH BEKLÄDNADSVAROR I HUS', 'aggregationName': None}","{'hasSubstancesCoveredByInformationRequirements': False, 'hasInformation': True, 'hasHealthAndEnvironmentalHazards': True, 'hasCircularity': False, 'hasRenewability': False, 'hasEnvironmentalEffects': False, 'hasEmissionsAndTests': False, 'hasArticleDocumentation': False, 'hasEpdDocumentation': False, 'hasBvdDocumentation': False, 'hasPbDocumentation': False, 'hasEmissionDocumentation': False, 'hasMhibetaDocumentation': False, 'hasSdbDocumentation': False, 'hasOtherDocumentation': False, 'hasCirculatedMaterials': False, 'hasReusability': False, 'hasReusabilityPercentage': False, 'hasRecyclability': False, 'hasRecyclabilityPercentage': False, 'hasCircularityBusinessModels': False, 'hasRenewableMaterials': False, 'hasBoverketEnvironmentalEffects': False, 'hasSwedishWoodArticle': False, 'hasEmissionsAndTestsVoc': False, 'hasEmissionsAndTestsFormaldehyde': False, 'hasEmissionsAndTestsCarcinogenic': False, 'hasEmissionsAndTestsLeaching': False}",2020-12-02T09:33:09.64,AS-33,probe-20260917-as33bastaprobe-3,2026-09-17,c3a051eb0beebd5494f14dce1c01dd9a9e02c63ac8d086a90916d32b347b4665,42,4
678207,Flügger 07 Wood Tex Matt,36995,"Bas 4; 9,1 liter",,Flügger,5701573369956,,,,1,ALFA,[1],['ALFA'],,https://www.bastaonline.se/?aid=678207,"{'id': 186, 'name': 'Flügger Sweden AB', 'url': None}","{'code': '03402', 'name': 'Fasadfärg utomhus'}","{'code': 'L', 'name': 'PUTS, MÅLNING, SKYDDSBELÄGGNINGAR, SKYDDSIMPREGNERINGAR M M', 'aggregationName': None}","{'hasSubstancesCoveredByInformationRequirements': False, 'hasInformation': True, 'hasHealthAndEnvironmentalHazards': True, 'hasCircularity': True, 'hasRenewability': True, 'hasEnvironmentalEffects': False, 'hasEmissionsAndTests': False, 'hasArticleDocumentation': False, 'hasEpdDocumentation': False, 'hasBvdDocumentation': False, 'hasPbDocumentation': False, 'hasEmissionDocumentation': False, 'hasMhibetaDocumentation': False, 'hasSdbDocumentation': False, 'hasOtherDocumentation': False, 'hasCirculatedMaterials': False, 'hasReusability': False, 'hasReusabilityPercentage': False, 'hasRecyclability': False, 'hasRecyclabilityPercentage': False, 'hasCircularityBusinessModels': False, 'hasRenewableMaterials': False, 'hasBoverketEnvironmentalEffects': False, 'hasSwedishWoodArticle': False, 'hasEmissionsAndTestsVoc': False, 'hasEmissionsAndTestsFormaldehyde': False, 'hasEmissionsAndTestsCarcinogenic': False, 'hasEmissionsAndTestsLeaching': False}",2025-04-03T09:16:10.28,AS-33,probe-20260917-as33bastaprobe-3,2026-09-17,c3a051eb0beebd5494f14dce1c01dd9a9e02c63ac8d086a90916d32b347b4665,42,5
514032,Planhyvlad Ek Obh 15x143,3500900015143, MM,,,4741585039875,,,A-4741585-03511-1-1,1,ALFA,[1],['ALFA'],,https://www.bastaonline.se/?aid=514032,"{'id': 736, 'name': 'Combiwood Sverige AB', 'url': None}","{'code': '03511', 'name': 'Ädelträlist - Obehandlad'}","{'code': 'NSM.22', 'name': 'Lister av lövträ', 'aggregationName': None}","{'hasSubstancesCoveredByInformationRequirements': False, 'hasInformation': True, 'hasHealthAndEnvironmentalHazards': True, 'hasCircularity': False, 'hasRenewability': False, 'hasEnvironmentalEffects': False, 'hasEmissionsAndTests': False, 'hasArticleDocumentation': False, 'hasEpdDocumentation': False, 'hasBvdDocumentation': False, 'hasPbDocumentation': False, 'hasEmissionDocumentation': False, 'hasMhibetaDocumentation': False, 'hasSdbDocumentation': False, 'hasOtherDocumentation': False, 'hasCirculatedMaterials': False, 'hasReusability': False, 'hasReusabilityPercentage': False, 'hasRecyclability': False, 'hasRecyclabilityPercentage': False, 'hasCircularityBusinessModels': False, 'hasRenewableMaterials': False, 'hasBoverketEnvironmentalEffects': False, 'hasSwedishWoodArticle': False, 'hasEmissionsAndTestsVoc': False, 'hasEmissionsAndTestsFormaldehyde': False, 'hasEmissionsAndTestsCarcinogenic': False, 'hasEmissionsAndTestsLeaching': False}",2017-11-23T18:51:08.687,AS-33,probe-20260917-as33bastaprobe-3,2026-09-17,c3a051eb0beebd5494f14dce1c01dd9a9e02c63ac8d086a90916d32b347b4665,42,6
707123,MF6S I10642-10.9 M6x70 Insexskruv,5010406070,Skruv med invändigt sexkantgrepp och försänkt skalle.,,Arvid Nilsson,7321130408256,,,,1,ALFA,[1],['ALFA'],,https://www.bastaonline.se/?aid=707123,"{'id': 461, 'name': 'Arvid Nilsson AB', 'url': None}","{'code': '05203', 'name': 'Skruv maskin/insex'}","{'code': 'ZS', 'name': 'DIVERSE TÄTNINGAR, KOMPLETTERINGAR, INFÄSTNINGAR O D I HUS', 'aggregationName': None}","{'hasSubstancesCoveredByInformationRequirements': False, 'hasInformation': True, 'hasHealthAndEnvironmentalHazards': True, 'hasCircularity': True, 'hasRenewability': True, 'hasEnvironmentalEffects': False, 'hasEmissionsAndTests': False, 'hasArticleDocumentation': False, 'hasEpdDocumentation': False, 'hasBvdDocumentation': False, 'hasPbDocumentation': False, 'hasEmissionDocumentation': False, 'hasMhibetaDocumentation': False, 'hasSdbDocumentation': False, 'hasOtherDocumentation': False, 'hasCirculatedMaterials': False, 'hasReusability': False, 'hasReusabilityPercentage': False, 'hasRecyclability': False, 'hasRecyclabilityPercentage': False, 'hasCircularityBusinessModels': False, 'hasRenewableMaterials': False, 'hasBoverketEnvironmentalEffects': True, 'hasSwedishWoodArticle': False, 'hasEmissionsAndTestsVoc': False, 'hasEmissionsAndTestsFormaldehyde': False, 'hasEmissionsAndTestsCarcinogenic': False, 'hasEmissionsAndTestsLeaching': False}",2026-07-07T13:01:38.867,AS-33,probe-20260917-as33bastaprobe-3,2026-09-17,c3a051eb0beebd5494f14dce1c01dd9a9e02c63ac8d086a90916d32b347b4665,42,7
261147,Trä/alu FD Ut 3-gl,65112218221850,Fönsterdörr i aluminiumbeklätt trä utåtgående 3-glas (Rund profil) Par,Linjerar Öppn. Hö 18-22/18,Svenska Fönster,,,,C-SE556064842901-3,1,ALFA,[1],['ALFA'],,https://www.bastaonline.se/?aid=261147,"{'id': 325, 'name': 'Svenska Fönster AB', 'url': None}","{'code': '04111', 'name': 'Fönsterdörrar trä/aluminium'}","{'code': 'NSC.1', 'name': 'Fönster, fönsterdörrar, fönsterpartier, väggpartier o d', 'aggregationName': None}","{'hasSubstancesCoveredByInformationRequirements': False, 'hasInformation': True, 'hasHealthAndEnvironmentalHazards': True, 'hasCircularity': True, 'hasRenewability': False, 'hasEnvironmentalEffects': False, 'hasEmissionsAndTests': False, 'hasArticleDocumentation': True, 'hasEpdDocumentation': False, 'hasBvdDocumentation': False, 'hasPbDocumentation': False, 'hasEmissionDocumentation': False, 'hasMhibetaDocumentation': False, 'hasSdbDocumentation': False, 'hasOtherDocumentation': False, 'hasCirculatedMaterials': False, 'hasReusability': False, 'hasReusabilityPercentage': False, 'hasRecyclability': False, 'hasRecyclabilityPercentage': False, 'hasCircularityBusinessModels': False, 'hasRenewableMaterials': False, 'hasBoverketEnvironmentalEffects': False, 'hasSwedishWoodArticle': False, 'hasEmissionsAndTestsVoc': False, 'hasEmissionsAndTestsFormaldehyde': False, 'hasEmissionsAndTestsCarcinogenic': False, 'hasEmissionsAndTestsLeaching': False}",2026-06-04T03:50:15.557,AS-33,probe-20260917-as33bastaprobe-3,2026-09-17,c3a051eb0beebd5494f14dce1c01dd9a9e02c63ac8d086a90916d32b347b4665,42,8
742475,Amtico Spacia Polished Silver,SS5APL32CE.W00UU,"2.5mm thick, 0.55mm wear layer, and urethane coating, 36@914.4x3mm (36 x 1/8"")",,Amtico Spacia,5023510248828,,,C-SE556598527101-20,1,ALFA,[1],['ALFA'],,https://www.bastaonline.se/?aid=742475,"{'id': 279, 'name': 'Amtico International AB', 'url': None}","{'code': '03104', 'name': 'Plastgolv'}","{'code': 'MFK.1', 'name': 'Beläggningar av matta eller plattor av plast utan krav på vattentäthet', 'aggregationName': None}","{'hasSubstancesCoveredByInformationRequirements': False, 'hasInformation': True, 'hasHealthAndEnvironmentalHazards': True, 'hasCircularity': True, 'hasRenewability': True, 'hasEnvironmentalEffects': True, 'hasEmissionsAndTests': True, 'hasArticleDocumentation': True, 'hasEpdDocumentation': False, 'hasBvdDocumentation': False, 'hasPbDocumentation': False, 'hasEmissionDocumentation': False, 'hasMhibetaDocumentation': False, 'hasSdbDocumentation': False, 'hasOtherDocumentation': False, 'hasCirculatedMaterials': True, 'hasReusability': False, 'hasReusabilityPercentage': False, 'hasRecyclability': False, 'hasRecyclabilityPercentage': False, 'hasCircularityBusinessModels': False, 'hasRenewableMaterials': False, 'hasBoverketEnvironmentalEffects': False, 'hasSwedishWoodArticle': False, 'hasEmissionsAndTestsVoc': True, 'hasEmissionsAndTestsFormaldehyde': True, 'hasEmissionsAndTestsCarcinogenic': True, 'hasEmissionsAndTestsLeaching': False}",2026-08-18T15:33:56.047,AS-33,probe-20260917-as33bastaprobe-3,2026-09-17,c3a051eb0beebd5494f14dce1c01dd9a9e02c63ac8d086a90916d32b347b4665,42,9
460076,Segjärnsrör DN250 Natural Univer. Std Vi/Novo-Sit,1011177,BioZinalium och Aquacoat,,"PAM Saint-Gobain, Tubman AB",,1011177,,,1,ALFA,[1],['ALFA'],,https://www.bastaonline.se/?aid=460076,"{'id': 662, 'name': 'Tubman AB', 'url': None}","{'code': '20204', 'name': 'Segjärnsrör'}","{'code': 'PB-.12', 'name': 'Ledning av segjärnsrör', 'aggregationName': None}","{'hasSubstancesCoveredByInformationRequirements': False, 'hasInformation': True, 'hasHealthAndEnvironmentalHazards': True, 'hasCircularity': False, 'hasRenewability': False, 'hasEnvironmentalEffects': False, 'hasEmissionsAndTests': False, 'hasArticleDocumentation': False, 'hasEpdDocumentation': False, 'hasBvdDocumentation': False, 'hasPbDocumentation': False, 'hasEmissionDocumentation': False, 'hasMhibetaDocumentation': False, 'hasSdbDocumentation': False, 'hasOtherDocumentation': False, 'hasCirculatedMaterials': False, 'hasReusability': False, 'hasReusabilityPercentage': False, 'hasRecyclability': False, 'hasRecyclabilityPercentage': False, 'hasCircularityBusinessModels': False, 'hasRenewableMaterials': False, 'hasBoverketEnvironmentalEffects': False, 'hasSwedishWoodArticle': False, 'hasEmissionsAndTestsVoc': False, 'hasEmissionsAndTestsFormaldehyde': False, 'hasEmissionsAndTestsCarcinogenic': False, 'hasEmissionsAndTestsLeaching': False}",2018-03-06T09:44:03.517,AS-33,probe-20260917-as33bastaprobe-3,2026-09-17,c3a051eb0beebd5494f14dce1c01dd9a9e02c63ac8d086a90916d32b347b4665,42,10
551517,"TKFT A2 5,0x70 T25 CE 100-pack",18140500700255,"TKFT A2 5,0x70 T25 CE 100-pack",,NFGAB,,,,,1,ALFA,[1],['ALFA'],,https://www.bastaonline.se/?aid=551517,"{'id': 891, 'name': 'Nordic Fastening Group AB', 'url': None}","{'code': '05299', 'name': 'Bultartiklar, muttrar och brickor övrigt'}","{'code': 'Z', 'name': 'DIVERSE TÄTNINGAR, KOMPLETTERINGAR, INFÄSTNINGAR O D', 'aggregationName': None}","{'hasSubstancesCoveredByInformationRequirements': False, 'hasInformation': True, 'hasHealthAndEnvironmentalHazards': True, 'hasCircularity': True, 'hasRenewability': True, 'hasEnvironmentalEffects': False, 'hasEmissionsAndTests': False, 'hasArticleDocumentation': False, 'hasEpdDocumentation': False, 'hasBvdDocumentation': False, 'hasPbDocumentation': False, 'hasEmissionDocumentation': False, 'hasMhibetaDocumentation': False, 'hasSdbDocumentation': False, 'hasOtherDocumentation': False, 'hasCirculatedMaterials': False, 'hasReusability': False, 'hasReusabilityPercentage': False, 'hasRecyclability': False, 'hasRecyclabilityPercentage': False, 'hasCircularityBusinessModels': False, 'hasRenewableMaterials': False, 'hasBoverketEnvironmentalEffects': False, 'hasSwedishWoodArticle': False, 'hasEmissionsAndTestsVoc': False, 'hasEmissionsAndTestsFormaldehyde': False, 'hasEmissionsAndTestsCarcinogenic': False, 'hasEmissionsAndTestsLeaching': False}",2024-11-13T13:53:30.157,AS-33,probe-20260917-as33bastaprobe-3,2026-09-17,c3a051eb0beebd5494f14dce1c01dd9a9e02c63ac8d086a90916d32b347b4665,42,11
593329,"Z RSD 6 6/1 4,5/0,5",3RS02-279,Avtrappad Stolpe,,AB Varmförzinkning,,,,,1,ALFA,[1],['ALFA'],,https://www.bastaonline.se/?aid=593329,"{'id': 700, 'name': 'AB Varmförzinkning', 'url': None}","{'code': '18202', 'name': 'Utomhusbelysning'}","{'code': 'SBC.21', 'name': 'Stolpar och master för vägbelysning e d', 'aggregationName': None}","{'hasSubstancesCoveredByInformationRequirements': False, 'hasInformation': True, 'hasHealthAndEnvironmentalHazards': True, 'hasCircularity': True, 'hasRenewability': True, 'hasEnvironmentalEffects': False, 'hasEmissionsAndTests': False, 'hasArticleDocumentation': False, 'hasEpdDocumentation': False, 'hasBvdDocumentation': False, 'hasPbDocumentation': False, 'hasEmissionDocumentation': False, 'hasMhibetaDocumentation': False, 'hasSdbDocumentation': False, 'hasOtherDocumentation': False, 'hasCirculatedMaterials': False, 'hasReusability': False, 'hasReusabilityPercentage': False, 'hasRecyclability': False, 'hasRecyclabilityPercentage': False, 'hasCircularityBusinessModels': False, 'hasRenewableMaterials': False, 'hasBoverketEnvironmentalEffects': False, 'hasSwedishWoodArticle': False, 'hasEmissionsAndTestsVoc': False, 'hasEmissionsAndTestsFormaldehyde': False, 'hasEmissionsAndTestsCarcinogenic': False, 'hasEmissionsAndTestsLeaching': False}",2025-11-20T14:54:35.333,AS-33,probe-20260917-as33bastaprobe-3,2026-09-17,c3a051eb0beebd5494f14dce1c01dd9a9e02c63ac8d086a90916d32b347b4665,42,12
593203,"Z RS 4,5 108/60 Rotlack",3RS01-91,Avtrappad Stolpe,,AB Varmförzinkning,,,,,1,ALFA,[1],['ALFA'],,https://www.bastaonline.se/?aid=593203,"{'id': 700, 'name': 'AB Varmförzinkning', 'url': None}","{'code': '18202', 'name': 'Utomhusbelysning'}","{'code': 'SBC.21', 'name': 'Stolpar och master för vägbelysning e d', 'aggregationName': None}","{'hasSubstancesCoveredByInformationRequirements': False, 'hasInformation': True, 'hasHealthAndEnvironmentalHazards': True, 'hasCircularity': True, 'hasRenewability': True, 'hasEnvironmentalEffects': True, 'hasEmissionsAndTests': False, 'hasArticleDocumentation': False, 'hasEpdDocumentation': False, 'hasBvdDocumentation': False, 'hasPbDocumentation': False, 'hasEmissionDocumentation': False, 'hasMhibetaDocumentation': False, 'hasSdbDocumentation': False, 'hasOtherDocumentation': False, 'hasCirculatedMaterials': False, 'hasReusability': False, 'hasReusabilityPercentage': False, 'hasRecyclability': False, 'hasRecyclabilityPercentage': False, 'hasCircularityBusinessModels': False, 'hasRenewableMaterials': False, 'hasBoverketEnvironmentalEffects': False, 'hasSwedishWoodArticle': False, 'hasEmissionsAndTestsVoc': False, 'hasEmissionsAndTestsFormaldehyde': False, 'hasEmissionsAndTestsCarcinogenic': False, 'hasEmissionsAndTestsLeaching': False}",2025-11-25T09:09:28.5,AS-33,probe-20260917-as33bastaprobe-3,2026-09-17,c3a051eb0beebd5494f14dce1c01dd9a9e02c63ac8d086a90916d32b347b4665,42,13
678120,Omvikningskupa 150/100,VA01850315007000,Omvikningskupa 150/100 Alu-zink,,Caracol,7340088001180,,,C-SE556266451501-8,1,ALFA,[1],['ALFA'],,https://www.bastaonline.se/?aid=678120,"{'id': 645, 'name': 'ARECO STEEL AB', 'url': None}","{'code': '01901', 'name': 'Regnvattensystem'}","{'code': 'JT', 'name': 'TAKTÄCKNINGAR OCH VÄGGBEKLÄDNADER SAMT KOMPLETTERINGAR AV PLAN PLÅT FÖR HUS', 'aggregationName': None}","{'hasSubstancesCoveredByInformationRequirements': False, 'hasInformation': True, 'hasHealthAndEnvironmentalHazards': True, 'hasCircularity': False, 'hasRenewability': False, 'hasEnvironmentalEffects': False, 'hasEmissionsAndTests': False, 'hasArticleDocumentation': True, 'hasEpdDocumentation': False, 'hasBvdDocumentation': False, 'hasPbDocumentation': False, 'hasEmissionDocumentation': False, 'hasMhibetaDocumentation': False, 'hasSdbDocumentation': False, 'hasOtherDocumentation': False, 'hasCirculatedMaterials': False, 'hasReusability': False, 'hasReusabilityPercentage': False, 'hasRecyclability': False, 'hasRecyclabilityPercentage': False, 'hasCircularityBusinessModels': False, 'hasRenewableMaterials': False, 'hasBoverketEnvironmentalEffects': False, 'hasSwedishWoodArticle': False, 'hasEmissionsAndTestsVoc': False, 'hasEmissionsAndTestsFormaldehyde': False, 'hasEmissionsAndTestsCarcinogenic': False, 'hasEmissionsAndTestsLeaching': False}",2022-07-14T09:51:17.633,AS-33,probe-20260917-as33bastaprobe-3,2026-09-17,c3a051eb0beebd5494f14dce1c01dd9a9e02c63ac8d086a90916d32b347b4665,42,14
656969,Träskruv Powerfast II TFT EFZ,670075,"3,5 x 25mm Helgängad",Träskruv med försänkt huvud och TX. Elförzinkat kolstål.,FISCHER,4048962369335,,,C-SE556718177001-11,1,ALFA,[1],['ALFA'],,https://www.bastaonline.se/?aid=656969,"{'id': 437, 'name': 'fischer Sverige AB', 'url': None}","{'code': '05102', 'name': 'Träskruv invändig'}","{'code': 'ZS', 'name': 'DIVERSE TÄTNINGAR, KOMPLETTERINGAR, INFÄSTNINGAR O D I HUS', 'aggregationName': None}","{'hasSubstancesCoveredByInformationRequirements': False, 'hasInformation': True, 'hasHealthAndEnvironmentalHazards': True, 'hasCircularity': False, 'hasRenewability': False, 'hasEnvironmentalEffects': False, 'hasEmissionsAndTests': False, 'hasArticleDocumentation': True, 'hasEpdDocumentation': False, 'hasBvdDocumentation': False, 'hasPbDocumentation': False, 'hasEmissionDocumentation': False, 'hasMhibetaDocumentation': False, 'hasSdbDocumentation': False, 'hasOtherDocumentation': False, 'hasCirculatedMaterials': False, 'hasReusability': False, 'hasReusabilityPercentage': False, 'hasRecyclability': False, 'hasRecyclabilityPercentage': False, 'hasCircularityBusinessModels': False, 'hasRenewableMaterials': False, 'hasBoverketEnvironmentalEffects': False, 'hasSwedishWoodArticle': False, 'hasEmissionsAndTestsVoc': False, 'hasEmissionsAndTestsFormaldehyde': False, 'hasEmissionsAndTestsCarcinogenic': False, 'hasEmissionsAndTestsLeaching': False}",2023-04-05T13:10:28.73,AS-33,probe-20260917-as33bastaprobe-3,2026-09-17,c3a051eb0beebd5494f14dce1c01dd9a9e02c63ac8d086a90916d32b347b4665,42,15
602510,ENTRÉGOLV 5716 CORAL BRUSH 90,182059,X 155 CM,,,8710947233172,,,,1,ALFA,[1],['ALFA'],,https://www.bastaonline.se/?aid=602510,"{'id': 328, 'name': 'Forbo Flooring AB', 'url': None}","{'code': '03104', 'name': 'Plastgolv'}","{'code': 'M', 'name': 'SKIKT AV BELÄGGNINGS- OCH BEKLÄDNADSVAROR I HUS', 'aggregationName': None}","{'hasSubstancesCoveredByInformationRequirements': False, 'hasInformation': True, 'hasHealthAndEnvironmentalHazards': True, 'hasCircularity': False, 'hasRenewability': False, 'hasEnvironmentalEffects': False, 'hasEmissionsAndTests': False, 'hasArticleDocumentation': False, 'hasEpdDocumentation': False, 'hasBvdDocumentation': False, 'hasPbDocumentation': False, 'hasEmissionDocumentation': False, 'hasMhibetaDocumentation': False, 'hasSdbDocumentation': False, 'hasOtherDocumentation': False, 'hasCirculatedMaterials': False, 'hasReusability': False, 'hasReusabilityPercentage': False, 'hasRecyclability': False, 'hasRecyclabilityPercentage': False, 'hasCircularityBusinessModels': False, 'hasRenewableMaterials': False, 'hasBoverketEnvironmentalEffects': False, 'hasSwedishWoodArticle': False, 'hasEmissionsAndTestsVoc': False, 'hasEmissionsAndTestsFormaldehyde': False, 'hasEmissionsAndTestsCarcinogenic': False, 'hasEmissionsAndTestsLeaching': False}",2020-12-01T19:49:18.703,AS-33,probe-20260917-as33bastaprobe-3,2026-09-17,c3a051eb0beebd5494f14dce1c01dd9a9e02c63ac8d086a90916d32b347b4665,42,16
496776,Premiumplattan 350x350x80,9660-08060712,Antracit,,S:t Eriks,7340025624090,,,C-SE556203475001-4,1,ALFA,[1],['ALFA'],,https://www.bastaonline.se/?aid=496776,"{'id': 230, 'name': 'S:t Eriks AB', 'url': None}","{'code': '08001', 'name': 'Trädgårdsplattor och marktegel'}","{'code': 'DC', 'name': 'MARKÖVERBYGGNADER M M', 'aggregationName': None}","{'hasSubstancesCoveredByInformationRequirements': False, 'hasInformation': True, 'hasHealthAndEnvironmentalHazards': True, 'hasCircularity': True, 'hasRenewability': False, 'hasEnvironmentalEffects': False, 'hasEmissionsAndTests': False, 'hasArticleDocumentation': True, 'hasEpdDocumentation': False, 'hasBvdDocumentation': False, 'hasPbDocumentation': False, 'hasEmissionDocumentation': False, 'hasMhibetaDocumentation': False, 'hasSdbDocumentation': False, 'hasOtherDocumentation': False, 'hasCirculatedMaterials': False, 'hasReusability': False, 'hasReusabilityPercentage': False, 'hasRecyclability': False, 'hasRecyclabilityPercentage': False, 'hasCircularityBusinessModels': False, 'hasRenewableMaterials': False, 'hasBoverketEnvironmentalEffects': False, 'hasSwedishWoodArticle': False, 'hasEmissionsAndTestsVoc': False, 'hasEmissionsAndTestsFormaldehyde': False, 'hasEmissionsAndTestsCarcinogenic': False, 'hasEmissionsAndTestsLeaching': False}",2026-04-22T07:10:49.553,AS-33,probe-20260917-as33bastaprobe-3,2026-09-17,c3a051eb0beebd5494f14dce1c01dd9a9e02c63ac8d086a90916d32b347b4665,42,17
460345,MONTAGESKRUV BORR,S7019,"4,2x19 SVART",För miljövarudeklaration följ länken under Produktdokument,,07393940034505,,,,1,ALFA,[1],['ALFA'],,https://www.bastaonline.se/?aid=460345,"{'id': 557, 'name': 'Västsvensk Byggskruv AB', 'url': None}","{'code': '05106', 'name': 'Byggskruv plåt och balk'}","{'code': '001', 'name': 'FÖRBRUKNINGSVARA', 'aggregationName': None}","{'hasSubstancesCoveredByInformationRequirements': False, 'hasInformation': True, 'hasHealthAndEnvironmentalHazards': True, 'hasCircularity': True, 'hasRenewability': True, 'hasEnvironmentalEffects': False, 'hasEmissionsAndTests': False, 'hasArticleDocumentation': True, 'hasEpdDocumentation': False, 'hasBvdDocumentation': False, 'hasPbDocumentation': False, 'hasEmissionDocumentation': False, 'hasMhibetaDocumentation': False, 'hasSdbDocumentation': False, 'hasOtherDocumentation': False, 'hasCirculatedMaterials': True, 'hasReusability': False, 'hasReusabilityPercentage': False, 'hasRecyclability': True, 'hasRecyclabilityPercentage': True, 'hasCircularityBusinessModels': False, 'hasRenewableMaterials': False, 'hasBoverketEnvironmentalEffects': False, 'hasSwedishWoodArticle': False, 'hasEmissionsAndTestsVoc': False, 'hasEmissionsAndTestsFormaldehyde': False, 'hasEmissionsAndTestsCarcinogenic': False, 'hasEmissionsAndTestsLeaching': False}",2026-04-14T12:00:48.777,AS-33,probe-20260917-as33bastaprobe-3,2026-09-17,c3a051eb0beebd5494f14dce1c01dd9a9e02c63ac8d086a90916d32b347b4665,42,18
590456,ESV rakdel 8 8/6 Rotlack,3RD02-42,ESV-Stolpe,,AB Varmförzinkning,,,,,1,ALFA,[1],['ALFA'],,https://www.bastaonline.se/?aid=590456,"{'id': 700, 'name': 'AB Varmförzinkning', 'url': None}","{'code': '18202', 'name': 'Utomhusbelysning'}","{'code': 'SBC.21', 'name': 'Stolpar och master för vägbelysning e d', 'aggregationName': None}","{'hasSubstancesCoveredByInformationRequirements': False, 'hasInformation': True, 'hasHealthAndEnvironmentalHazards': True, 'hasCircularity': True, 'hasRenewability': True, 'hasEnvironmentalEffects': True, 'hasEmissionsAndTests': False, 'hasArticleDocumentation': False, 'hasEpdDocumentation': False, 'hasBvdDocumentation': False, 'hasPbDocumentation': False, 'hasEmissionDocumentation': False, 'hasMhibetaDocumentation': False, 'hasSdbDocumentation': False, 'hasOtherDocumentation': False, 'hasCirculatedMaterials': False, 'hasReusability': False, 'hasReusabilityPercentage': False, 'hasRecyclability': False, 'hasRecyclabilityPercentage': False, 'hasCircularityBusinessModels': False, 'hasRenewableMaterials': False, 'hasBoverketEnvironmentalEffects': False, 'hasSwedishWoodArticle': False, 'hasEmissionsAndTestsVoc': False, 'hasEmissionsAndTestsFormaldehyde': False, 'hasEmissionsAndTestsCarcinogenic': False, 'hasEmissionsAndTestsLeaching': False}",2025-11-20T14:54:10.297,AS-33,probe-20260917-as33bastaprobe-3,2026-09-17,c3a051eb0beebd5494f14dce1c01dd9a9e02c63ac8d086a90916d32b347b4665,42,19
261902,Trä Fast 3-gl,750110100650,Fast fönster i trä 3-glas (Rund profil),fönster 10-06,Svenska Fönster,,,,C-SE556064842901-24,1,ALFA,[1],['ALFA'],,https://www.bastaonline.se/?aid=261902,"{'id': 325, 'name': 'Svenska Fönster AB', 'url': None}","{'code': '04109', 'name': 'Fasta fönster trä/aluminium'}","{'code': 'NSC.1', 'name': 'Fönster, fönsterdörrar, fönsterpartier, väggpartier o d', 'aggregationName': None}","{'hasSubstancesCoveredByInformationRequirements': False, 'hasInformation': True, 'hasHealthAndEnvironmentalHazards': True, 'hasCircularity': True, 'hasRenewability': False, 'hasEnvironmentalEffects': False, 'hasEmissionsAndTests': False, 'hasArticleDocumentation': True, 'hasEpdDocumentation': False, 'hasBvdDocumentation': False, 'hasPbDocumentation': False, 'hasEmissionDocumentation': False, 'hasMhibetaDocumentation': False, 'hasSdbDocumentation': False, 'hasOtherDocumentation': False, 'hasCirculatedMaterials': False, 'hasReusability': False, 'hasReusabilityPercentage': False, 'hasRecyclability': False, 'hasRecyclabilityPercentage': False, 'hasCircularityBusinessModels': False, 'hasRenewableMaterials': False, 'hasBoverketEnvironmentalEffects': False, 'hasSwedishWoodArticle': False, 'hasEmissionsAndTestsVoc': False, 'hasEmissionsAndTestsFormaldehyde': False, 'hasEmissionsAndTestsCarcinogenic': False, 'hasEmissionsAndTestsLeaching': False}",2026-06-04T03:37:07.433,AS-33,probe-20260917-as33bastaprobe-3,2026-09-17,c3a051eb0beebd5494f14dce1c01dd9a9e02c63ac8d086a90916d32b347b4665,42,20
565501,FYRKANTSPIK,777363," FZV 2,5X65",,ESSVE,7317761041887,,,,1,ALFA,[1],['ALFA'],,https://www.bastaonline.se/?aid=565501,"{'id': 88, 'name': 'ESSVE Produkter AB', 'url': None}","{'code': '05001', 'name': 'Trådspik'}","{'code': 'Z', 'name': 'DIVERSE TÄTNINGAR, KOMPLETTERINGAR, INFÄSTNINGAR O D', 'aggregationName': None}","{'hasSubstancesCoveredByInformationRequirements': False, 'hasInformation': True, 'hasHealthAndEnvironmentalHazards': True, 'hasCircularity': False, 'hasRenewability': False, 'hasEnvironmentalEffects': False, 'hasEmissionsAndTests': False, 'hasArticleDocumentation': False, 'hasEpdDocumentation': False, 'hasBvdDocumentation': False, 'hasPbDocumentation': False, 'hasEmissionDocumentation': False, 'hasMhibetaDocumentation': False, 'hasSdbDocumentation': False, 'hasOtherDocumentation': False, 'hasCirculatedMaterials': False, 'hasReusability': False, 'hasReusabilityPercentage': False, 'hasRecyclability': False, 'hasRecyclabilityPercentage': False, 'hasCircularityBusinessModels': False, 'hasRenewableMaterials': False, 'hasBoverketEnvironmentalEffects': False, 'hasSwedishWoodArticle': False, 'hasEmissionsAndTestsVoc': False, 'hasEmissionsAndTestsFormaldehyde': False, 'hasEmissionsAndTestsCarcinogenic': False, 'hasEmissionsAndTestsLeaching': False}",2018-12-18T13:58:25.88,AS-33,probe-20260917-as33bastaprobe-3,2026-09-17,c3a051eb0beebd5494f14dce1c01dd9a9e02c63ac8d086a90916d32b347b4665,42,21
261124,Trä/alu FD Ut 3-gl,65112217221650,Fönsterdörr i aluminiumbeklätt trä utåtgående 3-glas (Rund profil) Par,Linjerar Öppn. Hö 17-22/16,Svenska Fönster,,,,C-SE556064842901-3,1,ALFA,[1],['ALFA'],,https://www.bastaonline.se/?aid=261124,"{'id': 325, 'name': 'Svenska Fönster AB', 'url': None}","{'code': '04111', 'name': 'Fönsterdörrar trä/aluminium'}","{'code': 'NSC.1', 'name': 'Fönster, fönsterdörrar, fönsterpartier, väggpartier o d', 'aggregationName': None}","{'hasSubstancesCoveredByInformationRequirements': False, 'hasInformation': True, 'hasHealthAndEnvironmentalHazards': True, 'hasCircularity': True, 'hasRenewability': False, 'hasEnvironmentalEffects': False, 'hasEmissionsAndTests': False, 'hasArticleDocumentation': True, 'hasEpdDocumentation': False, 'hasBvdDocumentation': False, 'hasPbDocumentation': False, 'hasEmissionDocumentation': False, 'hasMhibetaDocumentation': False, 'hasSdbDocumentation': False, 'hasOtherDocumentation': False, 'hasCirculatedMaterials': False, 'hasReusability': False, 'hasReusabilityPercentage': False, 'hasRecyclability': False, 'hasRecyclabilityPercentage': False, 'hasCircularityBusinessModels': False, 'hasRenewableMaterials': False, 'hasBoverketEnvironmentalEffects': False, 'hasSwedishWoodArticle': False, 'hasEmissionsAndTestsVoc': False, 'hasEmissionsAndTestsFormaldehyde': False, 'hasEmissionsAndTestsCarcinogenic': False, 'hasEmissionsAndTestsLeaching': False}",2026-06-04T03:50:15.557,AS-33,probe-20260917-as33bastaprobe-3,2026-09-17,c3a051eb0beebd5494f14dce1c01dd9a9e02c63ac8d086a90916d32b347b4665,42,22
550420,"RTB FZB 4,2x25 DIN 7504N 1000-pack",16330420250105,"RTB FZB 4,2x25 DIN 7504N 1000-pack",,NFGAB,,,,,1,ALFA,[1],['ALFA'],,https://www.bastaonline.se/?aid=550420,"{'id': 891, 'name': 'Nordic Fastening Group AB', 'url': None}","{'code': '05299', 'name': 'Bultartiklar, muttrar och brickor övrigt'}","{'code': 'Z', 'name': 'DIVERSE TÄTNINGAR, KOMPLETTERINGAR, INFÄSTNINGAR O D', 'aggregationName': None}","{'hasSubstancesCoveredByInformationRequirements': False, 'hasInformation': True, 'hasHealthAndEnvironmentalHazards': True, 'hasCircularity': True, 'hasRenewability': True, 'hasEnvironmentalEffects': False, 'hasEmissionsAndTests': False, 'hasArticleDocumentation': False, 'hasEpdDocumentation': False, 'hasBvdDocumentation': False, 'hasPbDocumentation': False, 'hasEmissionDocumentation': False, 'hasMhibetaDocumentation': False, 'hasSdbDocumentation': False, 'hasOtherDocumentation': False, 'hasCirculatedMaterials': False, 'hasReusability': False, 'hasReusabilityPercentage': False, 'hasRecyclability': False, 'hasRecyclabilityPercentage': False, 'hasCircularityBusinessModels': False, 'hasRenewableMaterials': False, 'hasBoverketEnvironmentalEffects': False, 'hasSwedishWoodArticle': False, 'hasEmissionsAndTestsVoc': False, 'hasEmissionsAndTestsFormaldehyde': False, 'hasEmissionsAndTestsCarcinogenic': False, 'hasEmissionsAndTestsLeaching': False}",2024-11-13T13:52:48.89,AS-33,probe-20260917-as33bastaprobe-3,2026-09-17,c3a051eb0beebd5494f14dce1c01dd9a9e02c63ac8d086a90916d32b347b4665,42,23
657007,Träskruv Powerfast II TFT EFZ,670348,"5,0 x 20mm Helgängad",Träskruv med försänkt huvud och TX. Elförzinkat kolstål.,FISCHER,4048962372069,,,C-SE556718177001-11,1,ALFA,[1],['ALFA'],,https://www.bastaonline.se/?aid=657007,"{'id': 437, 'name': 'fischer Sverige AB', 'url': None}","{'code': '05102', 'name': 'Träskruv invändig'}","{'code': 'ZS', 'name': 'DIVERSE TÄTNINGAR, KOMPLETTERINGAR, INFÄSTNINGAR O D I HUS', 'aggregationName': None}","{'hasSubstancesCoveredByInformationRequirements': False, 'hasInformation': True, 'hasHealthAndEnvironmentalHazards': True, 'hasCircularity': False, 'hasRenewability': False, 'hasEnvironmentalEffects': False, 'hasEmissionsAndTests': False, 'hasArticleDocumentation': True, 'hasEpdDocumentation': False, 'hasBvdDocumentation': False, 'hasPbDocumentation': False, 'hasEmissionDocumentation': False, 'hasMhibetaDocumentation': False, 'hasSdbDocumentation': False, 'hasOtherDocumentation': False, 'hasCirculatedMaterials': False, 'hasReusability': False, 'hasReusabilityPercentage': False, 'hasRecyclability': False, 'hasRecyclabilityPercentage': False, 'hasCircularityBusinessModels': False, 'hasRenewableMaterials': False, 'hasBoverketEnvironmentalEffects': False, 'hasSwedishWoodArticle': False, 'hasEmissionsAndTestsVoc': False, 'hasEmissionsAndTestsFormaldehyde': False, 'hasEmissionsAndTestsCarcinogenic': False, 'hasEmissionsAndTestsLeaching': False}",2023-04-05T13:10:28.777,AS-33,probe-20260917-as33bastaprobe-3,2026-09-17,c3a051eb0beebd5494f14dce1c01dd9a9e02c63ac8d086a90916d32b347b4665,42,24
452437,PAROC CES  75F,8550614,Stenull BI,,,,,,,1,ALFA,[1],['ALFA'],,https://www.bastaonline.se/?aid=452437,"{'id': 81, 'name': 'Paroc AB', 'url': None}","{'code': '01301', 'name': 'Mineralull'}","{'code': 'I', 'name': 'SKIKT AV TERMOISOLERVAROR M M I HUS OCH I GRUNDKONSTRUKTIONER TILL HUS', 'aggregationName': None}","{'hasSubstancesCoveredByInformationRequirements': False, 'hasInformation': True, 'hasHealthAndEnvironmentalHazards': True, 'hasCircularity': False, 'hasRenewability': False, 'hasEnvironmentalEffects': False, 'hasEmissionsAndTests': False, 'hasArticleDocumentation': False, 'hasEpdDocumentation': False, 'hasBvdDocumentation': False, 'hasPbDocumentation': False, 'hasEmissionDocumentation': False, 'hasMhibetaDocumentation': False, 'hasSdbDocumentation': False, 'hasOtherDocumentation': False, 'hasCirculatedMaterials': False, 'hasReusability': False, 'hasReusabilityPercentage': False, 'hasRecyclability': False, 'hasRecyclabilityPercentage': False, 'hasCircularityBusinessModels': False, 'hasRenewableMaterials': False, 'hasBoverketEnvironmentalEffects': False, 'hasSwedishWoodArticle': False, 'hasEmissionsAndTestsVoc': False, 'hasEmissionsAndTestsFormaldehyde': False, 'hasEmissionsAndTestsCarcinogenic': False, 'hasEmissionsAndTestsLeaching': False}",2017-10-23T16:48:40.317,AS-33,probe-20260917-as33bastaprobe-3,2026-09-17,c3a051eb0beebd5494f14dce1c01dd9a9e02c63ac8d086a90916d32b347b4665,42,25
542861,DN200x100 T-rör Fläns Avstick,1010473,Epoxy,,"PAM Saint-Gobain, Tubman AB",,,,,1,ALFA,[1],['ALFA'],,https://www.bastaonline.se/?aid=542861,"{'id': 662, 'name': 'Tubman AB', 'url': None}","{'code': '20204', 'name': 'Segjärnsrör'}","{'code': 'PB-.12', 'name': 'Ledning av segjärnsrör', 'aggregationName': None}","{'hasSubstancesCoveredByInformationRequirements': False, 'hasInformation': True, 'hasHealthAndEnvironmentalHazards': True, 'hasCircularity': False, 'hasRenewability': False, 'hasEnvironmentalEffects': False, 'hasEmissionsAndTests': False, 'hasArticleDocumentation': False, 'hasEpdDocumentation': False, 'hasBvdDocumentation': False, 'hasPbDocumentation': False, 'hasEmissionDocumentation': False, 'hasMhibetaDocumentation': False, 'hasSdbDocumentation': False, 'hasOtherDocumentation': False, 'hasCirculatedMaterials': False, 'hasReusability': False, 'hasReusabilityPercentage': False, 'hasRecyclability': False, 'hasRecyclabilityPercentage': False, 'hasCircularityBusinessModels': False, 'hasRenewableMaterials': False, 'hasBoverketEnvironmentalEffects': False, 'hasSwedishWoodArticle': False, 'hasEmissionsAndTestsVoc': False, 'hasEmissionsAndTestsFormaldehyde': False, 'hasEmissionsAndTestsCarcinogenic': False, 'hasEmissionsAndTestsLeaching': False}",2018-03-08T12:22:34.173,AS-33,probe-20260917-as33bastaprobe-3,2026-09-17,c3a051eb0beebd5494f14dce1c01dd9a9e02c63ac8d086a90916d32b347b4665,42,26
679338,HST3 M10 Expanderbult,2113975,HST3 M10x80 20/-,,Hilti,7613023961697,,,,1,ALFA,[1],['ALFA'],,https://www.bastaonline.se/?aid=679338,"{'id': 86, 'name': 'Hilti Svenska AB', 'url': None}","{'code': '05401', 'name': 'Expanderbult och förankring'}","{'code': 'ZBE', 'name': 'FÄSTDON I ANLÄGGNING', 'aggregationName': None}","{'hasSubstancesCoveredByInformationRequirements': False, 'hasInformation': True, 'hasHealthAndEnvironmentalHazards': True, 'hasCircularity': False, 'hasRenewability': False, 'hasEnvironmentalEffects': False, 'hasEmissionsAndTests': False, 'hasArticleDocumentation': False, 'hasEpdDocumentation': False, 'hasBvdDocumentation': False, 'hasPbDocumentation': False, 'hasEmissionDocumentation': False, 'hasMhibetaDocumentation': False, 'hasSdbDocumentation': False, 'hasOtherDocumentation': False, 'hasCirculatedMaterials': False, 'hasReusability': False, 'hasReusabilityPercentage': False, 'hasRecyclability': False, 'hasRecyclabilityPercentage': False, 'hasCircularityBusinessModels': False, 'hasRenewableMaterials': False, 'hasBoverketEnvironmentalEffects': False, 'hasSwedishWoodArticle': False, 'hasEmissionsAndTestsVoc': False, 'hasEmissionsAndTestsFormaldehyde': False, 'hasEmissionsAndTestsCarcinogenic': False, 'hasEmissionsAndTestsLeaching': False}",2022-10-19T20:26:32.407,AS-33,probe-20260917-as33bastaprobe-3,2026-09-17,c3a051eb0beebd5494f14dce1c01dd9a9e02c63ac8d086a90916d32b347b4665,42,27
572673,Varning A26 N HR,3126122,Varning för tunnel,,,,,,,1,ALFA,[1],['ALFA'],,https://www.bastaonline.se/?aid=572673,"{'id': 801, 'name': 'AB Blinkfyrar', 'url': None}","{'code': '01999', 'name': 'Huskomplettering övrigt'}","{'code': 'N', 'name': 'KOMPLETTERINGAR AV SAKVAROR M M', 'aggregationName': None}","{'hasSubstancesCoveredByInformationRequirements': False, 'hasInformation': True, 'hasHealthAndEnvironmentalHazards': True, 'hasCircularity': False, 'hasRenewability': False, 'hasEnvironmentalEffects': False, 'hasEmissionsAndTests': False, 'hasArticleDocumentation': False, 'hasEpdDocumentation': False, 'hasBvdDocumentation': False, 'hasPbDocumentation': False, 'hasEmissionDocumentation': False, 'hasMhibetaDocumentation': False, 'hasSdbDocumentation': False, 'hasOtherDocumentation': False, 'hasCirculatedMaterials': False, 'hasReusability': False, 'hasReusabilityPercentage': False, 'hasRecyclability': False, 'hasRecyclabilityPercentage': False, 'hasCircularityBusinessModels': False, 'hasRenewableMaterials': False, 'hasBoverketEnvironmentalEffects': False, 'hasSwedishWoodArticle': False, 'hasEmissionsAndTestsVoc': False, 'hasEmissionsAndTestsFormaldehyde': False, 'hasEmissionsAndTestsCarcinogenic': False, 'hasEmissionsAndTestsLeaching': False}",2019-05-27T12:17:19.267,AS-33,probe-20260917-as33bastaprobe-3,2026-09-17,c3a051eb0beebd5494f14dce1c01dd9a9e02c63ac8d086a90916d32b347b4665,42,28
577811,LÄTTBETONGSKRUV KH C4 8X90,10075143,STÅL/NANO KH HUVUD Ø12MM,,,7319610040379,,,,1,ALFA,[1],['ALFA'],,https://www.bastaonline.se/?aid=577811,"{'id': 1018, 'name': 'Ejot Sverige AB', 'url': None}","{'code': '05103', 'name': 'Byggskruv trä/betong'}","{'code': '001', 'name': 'FÖRBRUKNINGSVARA', 'aggregationName': None}","{'hasSubstancesCoveredByInformationRequirements': False, 'hasInformation': True, 'hasHealthAndEnvironmentalHazards': True, 'hasCircularity': False, 'hasRenewability': False, 'hasEnvironmentalEffects': False, 'hasEmissionsAndTests': False, 'hasArticleDocumentation': False, 'hasEpdDocumentation': False, 'hasBvdDocumentation': False, 'hasPbDocumentation': False, 'hasEmissionDocumentation': False, 'hasMhibetaDocumentation': False, 'hasSdbDocumentation': False, 'hasOtherDocumentation': False, 'hasCirculatedMaterials': False, 'hasReusability': False, 'hasReusabilityPercentage': False, 'hasRecyclability': False, 'hasRecyclabilityPercentage': False, 'hasCircularityBusinessModels': False, 'hasRenewableMaterials': False, 'hasBoverketEnvironmentalEffects': False, 'hasSwedishWoodArticle': False, 'hasEmissionsAndTestsVoc': False, 'hasEmissionsAndTestsFormaldehyde': False, 'hasEmissionsAndTestsCarcinogenic': False, 'hasEmissionsAndTestsLeaching': False}",2019-08-22T10:58:19.187,AS-33,probe-20260917-as33bastaprobe-3,2026-09-17,c3a051eb0beebd5494f14dce1c01dd9a9e02c63ac8d086a90916d32b347b4665,42,29
551456,"TFX BF FZB 4,0x30 -CE 1000-pack",18580400300105,"TFX BF FZB 4,0x30 -CE 1000-pack",,NFGAB,,,,,1,ALFA,[1],['ALFA'],,https://www.bastaonline.se/?aid=551456,"{'id': 891, 'name': 'Nordic Fastening Group AB', 'url': None}","{'code': '05299', 'name': 'Bultartiklar, muttrar och brickor övrigt'}","{'code': 'Z', 'name': 'DIVERSE TÄTNINGAR, KOMPLETTERINGAR, INFÄSTNINGAR O D', 'aggregationName': None}","{'hasSubstancesCoveredByInformationRequirements': False, 'hasInformation': True, 'hasHealthAndEnvironmentalHazards': True, 'hasCircularity': True, 'hasRenewability': True, 'hasEnvironmentalEffects': False, 'hasEmissionsAndTests': False, 'hasArticleDocumentation': False, 'hasEpdDocumentation': False, 'hasBvdDocumentation': False, 'hasPbDocumentation': False, 'hasEmissionDocumentation': False, 'hasMhibetaDocumentation': False, 'hasSdbDocumentation': False, 'hasOtherDocumentation': False, 'hasCirculatedMaterials': False, 'hasReusability': False, 'hasReusabilityPercentage': False, 'hasRecyclability': False, 'hasRecyclabilityPercentage': False, 'hasCircularityBusinessModels': False, 'hasRenewableMaterials': False, 'hasBoverketEnvironmentalEffects': False, 'hasSwedishWoodArticle': False, 'hasEmissionsAndTestsVoc': False, 'hasEmissionsAndTestsFormaldehyde': False, 'hasEmissionsAndTestsCarcinogenic': False, 'hasEmissionsAndTestsLeaching': False}",2024-11-13T13:53:38.783,AS-33,probe-20260917-as33bastaprobe-3,2026-09-17,c3a051eb0beebd5494f14dce1c01dd9a9e02c63ac8d086a90916d32b347b4665,42,30
642401,SROR,20625,Stuprör,,Takavvattning,7319660206251,,,A-7300009-00795-0-19,1,ALFA,[1],['ALFA'],,https://www.bastaonline.se/?aid=642401,"{'id': 242, 'name': 'Lindab AB', 'url': None}","{'code': '01901', 'name': 'Regnvattensystem'}","{'code': 'JT', 'name': 'TAKTÄCKNINGAR OCH VÄGGBEKLÄDNADER SAMT KOMPLETTERINGAR AV PLAN PLÅT FÖR HUS', 'aggregationName': None}","{'hasSubstancesCoveredByInformationRequirements': False, 'hasInformation': True, 'hasHealthAndEnvironmentalHazards': True, 'hasCircularity': True, 'hasRenewability': True, 'hasEnvironmentalEffects': True, 'hasEmissionsAndTests': False, 'hasArticleDocumentation': False, 'hasEpdDocumentation': False, 'hasBvdDocumentation': False, 'hasPbDocumentation': False, 'hasEmissionDocumentation': False, 'hasMhibetaDocumentation': False, 'hasSdbDocumentation': False, 'hasOtherDocumentation': False, 'hasCirculatedMaterials': True, 'hasReusability': True, 'hasReusabilityPercentage': False, 'hasRecyclability': True, 'hasRecyclabilityPercentage': True, 'hasCircularityBusinessModels': True, 'hasRenewableMaterials': False, 'hasBoverketEnvironmentalEffects': False, 'hasSwedishWoodArticle': False, 'hasEmissionsAndTestsVoc': False, 'hasEmissionsAndTestsFormaldehyde': False, 'hasEmissionsAndTestsCarcinogenic': False, 'hasEmissionsAndTestsLeaching': False}",2026-04-21T07:21:24.757,AS-33,probe-20260917-as33bastaprobe-3,2026-09-17,c3a051eb0beebd5494f14dce1c01dd9a9e02c63ac8d086a90916d32b347b4665,42,31
679367,HST3 M16 Expanderbult,2105858,HST3 M16x135 35/15,,Hilti,7613023949879,,,,1,ALFA,[1],['ALFA'],,https://www.bastaonline.se/?aid=679367,"{'id': 86, 'name': 'Hilti Svenska AB', 'url': None}","{'code': '05401', 'name': 'Expanderbult och förankring'}","{'code': 'ZBE', 'name': 'FÄSTDON I ANLÄGGNING', 'aggregationName': None}","{'hasSubstancesCoveredByInformationRequirements': False, 'hasInformation': True, 'hasHealthAndEnvironmentalHazards': True, 'hasCircularity': False, 'hasRenewability': False, 'hasEnvironmentalEffects': False, 'hasEmissionsAndTests': False, 'hasArticleDocumentation': False, 'hasEpdDocumentation': False, 'hasBvdDocumentation': False, 'hasPbDocumentation': False, 'hasEmissionDocumentation': False, 'hasMhibetaDocumentation': False, 'hasSdbDocumentation': False, 'hasOtherDocumentation': False, 'hasCirculatedMaterials': False, 'hasReusability': False, 'hasReusabilityPercentage': False, 'hasRecyclability': False, 'hasRecyclabilityPercentage': False, 'hasCircularityBusinessModels': False, 'hasRenewableMaterials': False, 'hasBoverketEnvironmentalEffects': False, 'hasSwedishWoodArticle': False, 'hasEmissionsAndTestsVoc': False, 'hasEmissionsAndTestsFormaldehyde': False, 'hasEmissionsAndTestsCarcinogenic': False, 'hasEmissionsAndTestsLeaching': False}",2022-10-19T20:26:32.423,AS-33,probe-20260917-as33bastaprobe-3,2026-09-17,c3a051eb0beebd5494f14dce1c01dd9a9e02c63ac8d086a90916d32b347b4665,42,32
562212,DuoColor GJA Grön,-,Grön gjutasfalt,Grön gjutasfalt med nästintill obegränsat användningsområde där dess flexibilitet gör det möjligt att kunna formas till önskad komplexitet. Ett slitstarkt och beständigt material som redan efter 2-3 timmar av härdning kan belastas.,Duo Asfalt,,,,,1,ALFA,[1],['ALFA'],,https://www.bastaonline.se/?aid=562212,"{'id': 501, 'name': 'Duo Asfalt AB', 'url': None}","{'code': '01704', 'name': 'Asfalts- och tätmassor'}","{'code': 'D', 'name': 'MARKÖVERBYGGNADER, ANLÄGGNINGSKOMPLETTERINGAR M M', 'aggregationName': None}","{'hasSubstancesCoveredByInformationRequirements': False, 'hasInformation': True, 'hasHealthAndEnvironmentalHazards': True, 'hasCircularity': False, 'hasRenewability': False, 'hasEnvironmentalEffects': False, 'hasEmissionsAndTests': False, 'hasArticleDocumentation': False, 'hasEpdDocumentation': False, 'hasBvdDocumentation': False, 'hasPbDocumentation': False, 'hasEmissionDocumentation': False, 'hasMhibetaDocumentation': False, 'hasSdbDocumentation': False, 'hasOtherDocumentation': False, 'hasCirculatedMaterials': False, 'hasReusability': False, 'hasReusabilityPercentage': False, 'hasRecyclability': False, 'hasRecyclabilityPercentage': False, 'hasCircularityBusinessModels': False, 'hasRenewableMaterials': False, 'hasBoverketEnvironmentalEffects': False, 'hasSwedishWoodArticle': False, 'hasEmissionsAndTestsVoc': False, 'hasEmissionsAndTestsFormaldehyde': False, 'hasEmissionsAndTestsCarcinogenic': False, 'hasEmissionsAndTestsLeaching': False}",2018-10-30T08:30:08.707,AS-33,probe-20260917-as33bastaprobe-3,2026-09-17,c3a051eb0beebd5494f14dce1c01dd9a9e02c63ac8d086a90916d32b347b4665,42,33
680538,Säkerhetsexpander FH II B EFZ,48773,12x95/10mm M8,"Expanderbult för betong, ETA-godkänd Option 1, med sexkantshuvud. Elförzinkat kolstål.",FISCHER,4006209487730,,,C-SE556718177001-78,4,DEKLARERAD,[4],['DEKLARERAD'],,https://www.bastaonline.se/?aid=680538,"{'id': 437, 'name': 'fischer Sverige AB', 'url': None}","{'code': '05401', 'name': 'Expanderbult och förankring'}","{'code': 'ZS', 'name': 'DIVERSE TÄTNINGAR, KOMPLETTERINGAR, INFÄSTNINGAR O D I HUS', 'aggregationName': None}","{'hasSubstancesCoveredByInformationRequirements': False, 'hasInformation': True, 'hasHealthAndEnvironmentalHazards': True, 'hasCircularity': False, 'hasRenewability': False, 'hasEnvironmentalEffects': False, 'hasEmissionsAndTests': False, 'hasArticleDocumentation': True, 'hasEpdDocumentation': False, 'hasBvdDocumentation': False, 'hasPbDocumentation': False, 'hasEmissionDocumentation': False, 'hasMhibetaDocumentation': False, 'hasSdbDocumentation': False, 'hasOtherDocumentation': False, 'hasCirculatedMaterials': False, 'hasReusability': False, 'hasReusabilityPercentage': False, 'hasRecyclability': False, 'hasRecyclabilityPercentage': False, 'hasCircularityBusinessModels': False, 'hasRenewableMaterials': False, 'hasBoverketEnvironmentalEffects': False, 'hasSwedishWoodArticle': False, 'hasEmissionsAndTestsVoc': False, 'hasEmissionsAndTestsFormaldehyde': False, 'hasEmissionsAndTestsCarcinogenic': False, 'hasEmissionsAndTestsLeaching': False}",2023-04-05T13:10:28.51,AS-33,probe-20260917-as33bastaprobe-3,2026-09-17,c3a051eb0beebd5494f14dce1c01dd9a9e02c63ac8d086a90916d32b347b4665,42,34
614285,BFU,176193,Segmenterad och falsad böj i vitlackerad galvaniserad stålplåt,,,07319662041836,,,A-7300009-00795-0-358,1,ALFA,[1],['ALFA'],,https://www.bastaonline.se/?aid=614285,"{'id': 242, 'name': 'Lindab AB', 'url': None}","{'code': '21002', 'name': 'Kanalsystem'}","{'code': 'QL', 'name': 'VENTILATIONSKANALER M M', 'aggregationName': None}","{'hasSubstancesCoveredByInformationRequirements': False, 'hasInformation': True, 'hasHealthAndEnvironmentalHazards': True, 'hasCircularity': False, 'hasRenewability': True, 'hasEnvironmentalEffects': False, 'hasEmissionsAndTests': False, 'hasArticleDocumentation': False, 'hasEpdDocumentation': False, 'hasBvdDocumentation': False, 'hasPbDocumentation': False, 'hasEmissionDocumentation': False, 'hasMhibetaDocumentation': False, 'hasSdbDocumentation': False, 'hasOtherDocumentation': False, 'hasCirculatedMaterials': False, 'hasReusability': False, 'hasReusabilityPercentage': False, 'hasRecyclability': False, 'hasRecyclabilityPercentage': False, 'hasCircularityBusinessModels': False, 'hasRenewableMaterials': False, 'hasBoverketEnvironmentalEffects': False, 'hasSwedishWoodArticle': False, 'hasEmissionsAndTestsVoc': False, 'hasEmissionsAndTestsFormaldehyde': False, 'hasEmissionsAndTestsCarcinogenic': False, 'hasEmissionsAndTestsLeaching': False}",2024-10-30T11:37:51,AS-33,probe-20260917-as33bastaprobe-3,2026-09-17,c3a051eb0beebd5494f14dce1c01dd9a9e02c63ac8d086a90916d32b347b4665,42,35
707114,MF6S I10642-10.9 M6x20 Insexskruv,5010406020,Skruv med invändigt sexkantgrepp och försänkt skalle.,,Arvid Nilsson,7321130408331,,,,1,ALFA,[1],['ALFA'],,https://www.bastaonline.se/?aid=707114,"{'id': 461, 'name': 'Arvid Nilsson AB', 'url': None}","{'code': '05203', 'name': 'Skruv maskin/insex'}","{'code': 'ZS', 'name': 'DIVERSE TÄTNINGAR, KOMPLETTERINGAR, INFÄSTNINGAR O D I HUS', 'aggregationName': None}","{'hasSubstancesCoveredByInformationRequirements': False, 'hasInformation': True, 'hasHealthAndEnvironmentalHazards': True, 'hasCircularity': True, 'hasRenewability': True, 'hasEnvironmentalEffects': False, 'hasEmissionsAndTests': False, 'hasArticleDocumentation': False, 'hasEpdDocumentation': False, 'hasBvdDocumentation': False, 'hasPbDocumentation': False, 'hasEmissionDocumentation': False, 'hasMhibetaDocumentation': False, 'hasSdbDocumentation': False, 'hasOtherDocumentation': False, 'hasCirculatedMaterials': False, 'hasReusability': False, 'hasReusabilityPercentage': False, 'hasRecyclability': False, 'hasRecyclabilityPercentage': False, 'hasCircularityBusinessModels': False, 'hasRenewableMaterials': False, 'hasBoverketEnvironmentalEffects': True, 'hasSwedishWoodArticle': False, 'hasEmissionsAndTestsVoc': False, 'hasEmissionsAndTestsFormaldehyde': False, 'hasEmissionsAndTestsCarcinogenic': False, 'hasEmissionsAndTestsLeaching': False}",2026-07-07T13:01:38.867,AS-33,probe-20260917-as33bastaprobe-3,2026-09-17,c3a051eb0beebd5494f14dce1c01dd9a9e02c63ac8d086a90916d32b347b4665,42,36
678055,Brunnsfläns 110/90,VA01850201100900,Brunnsfläns 110/90 Alu-zink,,Caracol,7340088045009,,,C-SE556266451501-8,1,ALFA,[1],['ALFA'],,https://www.bastaonline.se/?aid=678055,"{'id': 645, 'name': 'ARECO STEEL AB', 'url': None}","{'code': '01901', 'name': 'Regnvattensystem'}","{'code': 'JT', 'name': 'TAKTÄCKNINGAR OCH VÄGGBEKLÄDNADER SAMT KOMPLETTERINGAR AV PLAN PLÅT FÖR HUS', 'aggregationName': None}","{'hasSubstancesCoveredByInformationRequirements': False, 'hasInformation': True, 'hasHealthAndEnvironmentalHazards': True, 'hasCircularity': False, 'hasRenewability': False, 'hasEnvironmentalEffects': False, 'hasEmissionsAndTests': False, 'hasArticleDocumentation': True, 'hasEpdDocumentation': False, 'hasBvdDocumentation': False, 'hasPbDocumentation': False, 'hasEmissionDocumentation': False, 'hasMhibetaDocumentation': False, 'hasSdbDocumentation': False, 'hasOtherDocumentation': False, 'hasCirculatedMaterials': False, 'hasReusability': False, 'hasReusabilityPercentage': False, 'hasRecyclability': False, 'hasRecyclabilityPercentage': False, 'hasCircularityBusinessModels': False, 'hasRenewableMaterials': False, 'hasBoverketEnvironmentalEffects': False, 'hasSwedishWoodArticle': False, 'hasEmissionsAndTestsVoc': False, 'hasEmissionsAndTestsFormaldehyde': False, 'hasEmissionsAndTestsCarcinogenic': False, 'hasEmissionsAndTestsLeaching': False}",2022-07-14T09:51:17.617,AS-33,probe-20260917-as33bastaprobe-3,2026-09-17,c3a051eb0beebd5494f14dce1c01dd9a9e02c63ac8d086a90916d32b347b4665,42,37
637403,BM,8524,Rörböj muff,,Takavvattning,7319660236296,,,A-7300009-00795-0-372,1,ALFA,[1],['ALFA'],,https://www.bastaonline.se/?aid=637403,"{'id': 242, 'name': 'Lindab AB', 'url': None}","{'code': '01901', 'name': 'Regnvattensystem'}","{'code': 'JT', 'name': 'TAKTÄCKNINGAR OCH VÄGGBEKLÄDNADER SAMT KOMPLETTERINGAR AV PLAN PLÅT FÖR HUS', 'aggregationName': None}","{'hasSubstancesCoveredByInformationRequirements': False, 'hasInformation': True, 'hasHealthAndEnvironmentalHazards': True, 'hasCircularity': True, 'hasRenewability': True, 'hasEnvironmentalEffects': True, 'hasEmissionsAndTests': False, 'hasArticleDocumentation': False, 'hasEpdDocumentation': False, 'hasBvdDocumentation': False, 'hasPbDocumentation': False, 'hasEmissionDocumentation': False, 'hasMhibetaDocumentation': False, 'hasSdbDocumentation': False, 'hasOtherDocumentation': False, 'hasCirculatedMaterials': True, 'hasReusability': True, 'hasReusabilityPercentage': False, 'hasRecyclability': True, 'hasRecyclabilityPercentage': True, 'hasCircularityBusinessModels': True, 'hasRenewableMaterials': False, 'hasBoverketEnvironmentalEffects': False, 'hasSwedishWoodArticle': False, 'hasEmissionsAndTestsVoc': False, 'hasEmissionsAndTestsFormaldehyde': False, 'hasEmissionsAndTestsCarcinogenic': False, 'hasEmissionsAndTestsLeaching': False}",2026-04-01T06:37:01.933,AS-33,probe-20260917-as33bastaprobe-3,2026-09-17,c3a051eb0beebd5494f14dce1c01dd9a9e02c63ac8d086a90916d32b347b4665,42,38
542999,MONTAGESKRUV UTVÄNDIG,G31UK,"4,2X13 C4 250/FRP",,GRABBER,07391695113421,,,,1,ALFA,[1],['ALFA'],,https://www.bastaonline.se/?aid=542999,"{'id': 833, 'name': 'Arne Thuresson Byggmaterial AB', 'url': None}","{'code': '05111', 'name': 'Montageskruv'}","{'code': 'Z', 'name': 'DIVERSE TÄTNINGAR, KOMPLETTERINGAR, INFÄSTNINGAR O D', 'aggregationName': None}","{'hasSubstancesCoveredByInformationRequirements': False, 'hasInformation': True, 'hasHealthAndEnvironmentalHazards': True, 'hasCircularity': True, 'hasRenewability': True, 'hasEnvironmentalEffects': False, 'hasEmissionsAndTests': False, 'hasArticleDocumentation': False, 'hasEpdDocumentation': False, 'hasBvdDocumentation': False, 'hasPbDocumentation': False, 'hasEmissionDocumentation': False, 'hasMhibetaDocumentation': False, 'hasSdbDocumentation': False, 'hasOtherDocumentation': False, 'hasCirculatedMaterials': False, 'hasReusability': False, 'hasReusabilityPercentage': False, 'hasRecyclability': False, 'hasRecyclabilityPercentage': False, 'hasCircularityBusinessModels': False, 'hasRenewableMaterials': False, 'hasBoverketEnvironmentalEffects': False, 'hasSwedishWoodArticle': False, 'hasEmissionsAndTestsVoc': False, 'hasEmissionsAndTestsFormaldehyde': False, 'hasEmissionsAndTestsCarcinogenic': False, 'hasEmissionsAndTestsLeaching': False}",2025-09-08T13:00:34.08,AS-33,probe-20260917-as33bastaprobe-3,2026-09-17,c3a051eb0beebd5494f14dce1c01dd9a9e02c63ac8d086a90916d32b347b4665,42,39
640515,RDBX,4916,Akustikregel klickfunktion,,Läkt/balk/reglar,7319660049162,,,A-7300009-00795-0-11,1,ALFA,[1],['ALFA'],,https://www.bastaonline.se/?aid=640515,"{'id': 242, 'name': 'Lindab AB', 'url': None}","{'code': '01505', 'name': 'Plåt'}","{'code': 'HSB', 'name': 'KONSTRUKTIONER AV LÄNGDFORMVAROR AV METALL I HUS', 'aggregationName': None}","{'hasSubstancesCoveredByInformationRequirements': False, 'hasInformation': True, 'hasHealthAndEnvironmentalHazards': True, 'hasCircularity': True, 'hasRenewability': True, 'hasEnvironmentalEffects': True, 'hasEmissionsAndTests': False, 'hasArticleDocumentation': False, 'hasEpdDocumentation': False, 'hasBvdDocumentation': False, 'hasPbDocumentation': False, 'hasEmissionDocumentation': False, 'hasMhibetaDocumentation': False, 'hasSdbDocumentation': False, 'hasOtherDocumentation': False, 'hasCirculatedMaterials': True, 'hasReusability': True, 'hasReusabilityPercentage': False, 'hasRecyclability': True, 'hasRecyclabilityPercentage': True, 'hasCircularityBusinessModels': True, 'hasRenewableMaterials': False, 'hasBoverketEnvironmentalEffects': False, 'hasSwedishWoodArticle': False, 'hasEmissionsAndTestsVoc': False, 'hasEmissionsAndTestsFormaldehyde': False, 'hasEmissionsAndTestsCarcinogenic': False, 'hasEmissionsAndTestsLeaching': False}",2026-05-11T13:32:21.693,AS-33,probe-20260917-as33bastaprobe-3,2026-09-17,c3a051eb0beebd5494f14dce1c01dd9a9e02c63ac8d086a90916d32b347b4665,42,40
642509,SROR,21519,Stuprör,,Takavvattning,7319660215192,,,A-7300009-00795-0-19,1,ALFA,[1],['ALFA'],,https://www.bastaonline.se/?aid=642509,"{'id': 242, 'name': 'Lindab AB', 'url': None}","{'code': '01901', 'name': 'Regnvattensystem'}","{'code': 'JT', 'name': 'TAKTÄCKNINGAR OCH VÄGGBEKLÄDNADER SAMT KOMPLETTERINGAR AV PLAN PLÅT FÖR HUS', 'aggregationName': None}","{'hasSubstancesCoveredByInformationRequirements': False, 'hasInformation': True, 'hasHealthAndEnvironmentalHazards': True, 'hasCircularity': True, 'hasRenewability': True, 'hasEnvironmentalEffects': True, 'hasEmissionsAndTests': False, 'hasArticleDocumentation': False, 'hasEpdDocumentation': False, 'hasBvdDocumentation': False, 'hasPbDocumentation': False, 'hasEmissionDocumentation': False, 'hasMhibetaDocumentation': False, 'hasSdbDocumentation': False, 'hasOtherDocumentation': False, 'hasCirculatedMaterials': True, 'hasReusability': True, 'hasReusabilityPercentage': False, 'hasRecyclability': True, 'hasRecyclabilityPercentage': True, 'hasCircularityBusinessModels': True, 'hasRenewableMaterials': False, 'hasBoverketEnvironmentalEffects': False, 'hasSwedishWoodArticle': False, 'hasEmissionsAndTestsVoc': False, 'hasEmissionsAndTestsFormaldehyde': False, 'hasEmissionsAndTestsCarcinogenic': False, 'hasEmissionsAndTestsLeaching': False}",2026-04-21T08:56:17.747,AS-33,probe-20260917-as33bastaprobe-3,2026-09-17,c3a051eb0beebd5494f14dce1c01dd9a9e02c63ac8d086a90916d32b347b4665,42,41
418277,PROFILDURKSBRYGGA 45GR HÖGER R,RPB2450H,ÖD,,Taksäkerhet,7340044704780,,,,1,ALFA,[1],['ALFA'],,https://www.bastaonline.se/?aid=418277,"{'id': 365, 'name': 'Weland Stål AB', 'url': None}","{'code': '01906', 'name': 'Taksmide, luckor, bryggor och balkonger'}","{'code': 'NSZ', 'name': 'ÖVRIGA KOMPLETTERINGAR AV SAKVAROR M M I HUS', 'aggregationName': None}","{'hasSubstancesCoveredByInformationRequirements': False, 'hasInformation': True, 'hasHealthAndEnvironmentalHazards': True, 'hasCircularity': False, 'hasRenewability': False, 'hasEnvironmentalEffects': False, 'hasEmissionsAndTests': False, 'hasArticleDocumentation': False, 'hasEpdDocumentation': False, 'hasBvdDocumentation': False, 'hasPbDocumentation': False, 'hasEmissionDocumentation': False, 'hasMhibetaDocumentation': False, 'hasSdbDocumentation': False, 'hasOtherDocumentation': False, 'hasCirculatedMaterials': False, 'hasReusability': False, 'hasReusabilityPercentage': False, 'hasRecyclability': False, 'hasRecyclabilityPercentage': False, 'hasCircularityBusinessModels': False, 'hasRenewableMaterials': False, 'hasBoverketEnvironmentalEffects': False, 'hasSwedishWoodArticle': False, 'hasEmissionsAndTestsVoc': False, 'hasEmissionsAndTestsFormaldehyde': False, 'hasEmissionsAndTestsCarcinogenic': False, 'hasEmissionsAndTestsLeaching': False}",2018-02-28T08:34:06.657,AS-33,probe-20260917-as33bastaprobe-3,2026-09-17,c3a051eb0beebd5494f14dce1c01dd9a9e02c63ac8d086a90916d32b347b4665,42,42
659977,TRÄSKRUV KING CUT TKT FZB,9820-279875,"TRÄSKRUV TKT 4,0X30 FZB SB",,FAST,7319972798758,,,,1,ALFA,[1],['ALFA'],,https://www.bastaonline.se/?aid=659977,"{'id': 611, 'name': 'Heco Nordiska AB', 'url': None}","{'code': '05102', 'name': 'Träskruv invändig'}","{'code': 'ZS', 'name': 'DIVERSE TÄTNINGAR, KOMPLETTERINGAR, INFÄSTNINGAR O D I HUS', 'aggregationName': None}","{'hasSubstancesCoveredByInformationRequirements': False, 'hasInformation': True, 'hasHealthAndEnvironmentalHazards': True, 'hasCircularity': False, 'hasRenewability': False, 'hasEnvironmentalEffects': False, 'hasEmissionsAndTests': False, 'hasArticleDocumentation': False, 'hasEpdDocumentation': False, 'hasBvdDocumentation': False, 'hasPbDocumentation': False, 'hasEmissionDocumentation': False, 'hasMhibetaDocumentation': False, 'hasSdbDocumentation': False, 'hasOtherDocumentation': False, 'hasCirculatedMaterials': False, 'hasReusability': False, 'hasReusabilityPercentage': False, 'hasRecyclability': False, 'hasRecyclabilityPercentage': False, 'hasCircularityBusinessModels': False, 'hasRenewableMaterials': False, 'hasBoverketEnvironmentalEffects': False, 'hasSwedishWoodArticle': False, 'hasEmissionsAndTestsVoc': False, 'hasEmissionsAndTestsFormaldehyde': False, 'hasEmissionsAndTestsCarcinogenic': False, 'hasEmissionsAndTestsLeaching': False}",2026-06-04T06:20:36.957,AS-33,probe-20260917-as33bastaprobe-3,2026-09-17,c3a051eb0beebd5494f14dce1c01dd9a9e02c63ac8d086a90916d32b347b4665,42,43
729208,Armhävning,THJ-B06,Träningsredskap i stål,,UTFORM,,,,,1,ALFA,[1],['ALFA'],,https://www.bastaonline.se/?aid=729208,"{'id': 2704, 'name': 'AG Innovation AB', 'url': None}","{'code': '08099', 'name': 'Trädgårdsvaror övrigt'}","{'code': 'DEK.3', 'name': 'Idrottsutrustning', 'aggregationName': None}","{'hasSubstancesCoveredByInformationRequirements': False, 'hasInformation': True, 'hasHealthAndEnvironmentalHazards': True, 'hasCircularity': True, 'hasRenewability': True, 'hasEnvironmentalEffects': False, 'hasEmissionsAndTests': False, 'hasArticleDocumentation': False, 'hasEpdDocumentation': False, 'hasBvdDocumentation': False, 'hasPbDocumentation': False, 'hasEmissionDocumentation': False, 'hasMhibetaDocumentation': False, 'hasSdbDocumentation': False, 'hasOtherDocumentation': False, 'hasCirculatedMaterials': False, 'hasReusability': False, 'hasReusabilityPercentage': False, 'hasRecyclability': False, 'hasRecyclabilityPercentage': False, 'hasCircularityBusinessModels': False, 'hasRenewableMaterials': False, 'hasBoverketEnvironmentalEffects': False, 'hasSwedishWoodArticle': False, 'hasEmissionsAndTestsVoc': False, 'hasEmissionsAndTestsFormaldehyde': False, 'hasEmissionsAndTestsCarcinogenic': False, 'hasEmissionsAndTestsLeaching': False}",2025-05-19T14:37:49.56,AS-33,probe-20260917-as33bastaprobe-3,2026-09-17,c3a051eb0beebd5494f14dce1c01dd9a9e02c63ac8d086a90916d32b347b4665,42,44
584265,Kabelsk.rör ring m dragtråd,70005254,50/40 gula,,,9010459171634,,0661452,,1,ALFA,[1],['ALFA'],,https://www.bastaonline.se/?aid=584265,"{'id': 228, 'name': 'Pipelife Sverige AB', 'url': None}","{'code': '20299', 'name': 'Mark övrigt'}","{'code': 'PN', 'name': 'RÖRLEDNINGAR M M', 'aggregationName': None}","{'hasSubstancesCoveredByInformationRequirements': False, 'hasInformation': True, 'hasHealthAndEnvironmentalHazards': True, 'hasCircularity': False, 'hasRenewability': False, 'hasEnvironmentalEffects': False, 'hasEmissionsAndTests': False, 'hasArticleDocumentation': False, 'hasEpdDocumentation': False, 'hasBvdDocumentation': False, 'hasPbDocumentation': False, 'hasEmissionDocumentation': False, 'hasMhibetaDocumentation': False, 'hasSdbDocumentation': False, 'hasOtherDocumentation': False, 'hasCirculatedMaterials': False, 'hasReusability': False, 'hasReusabilityPercentage': False, 'hasRecyclability': False, 'hasRecyclabilityPercentage': False, 'hasCircularityBusinessModels': False, 'hasRenewableMaterials': False, 'hasBoverketEnvironmentalEffects': False, 'hasSwedishWoodArticle': False, 'hasEmissionsAndTestsVoc': False, 'hasEmissionsAndTestsFormaldehyde': False, 'hasEmissionsAndTestsCarcinogenic': False, 'hasEmissionsAndTestsLeaching': False}",2020-01-29T10:31:07.11,AS-33,probe-20260917-as33bastaprobe-3,2026-09-17,c3a051eb0beebd5494f14dce1c01dd9a9e02c63ac8d086a90916d32b347b4665,42,45
695779,DYCKERT ELFÖRZINKAD,Z541511,"DYCKERT ELFÖRZINKADSB 1,7X35MM 75ST, PÅS",,Gunnebo Fastening,07318475415117,,,,1,ALFA,[1],['ALFA'],,https://www.bastaonline.se/?aid=695779,"{'id': 85, 'name': 'Simpson Strong-Tie AB', 'url': None}","{'code': '05001', 'name': 'Trådspik'}","{'code': 'ZSE', 'name': 'FÄSTDON', 'aggregationName': None}","{'hasSubstancesCoveredByInformationRequirements': False, 'hasInformation': True, 'hasHealthAndEnvironmentalHazards': True, 'hasCircularity': True, 'hasRenewability': True, 'hasEnvironmentalEffects': False, 'hasEmissionsAndTests': False, 'hasArticleDocumentation': True, 'hasEpdDocumentation': False, 'hasBvdDocumentation': False, 'hasPbDocumentation': False, 'hasEmissionDocumentation': False, 'hasMhibetaDocumentation': False, 'hasSdbDocumentation': False, 'hasOtherDocumentation': False, 'hasCirculatedMaterials': False, 'hasReusability': False, 'hasReusabilityPercentage': False, 'hasRecyclability': False, 'hasRecyclabilityPercentage': False, 'hasCircularityBusinessModels': False, 'hasRenewableMaterials': False, 'hasBoverketEnvironmentalEffects': False, 'hasSwedishWoodArticle': False, 'hasEmissionsAndTestsVoc': False, 'hasEmissionsAndTestsFormaldehyde': False, 'hasEmissionsAndTestsCarcinogenic': False, 'hasEmissionsAndTestsLeaching': False}",2024-01-04T16:09:45.11,AS-33,probe-20260917-as33bastaprobe-3,2026-09-17,c3a051eb0beebd5494f14dce1c01dd9a9e02c63ac8d086a90916d32b347b4665,42,46
751881,Hi-Flo 2550 395x645x150-4-25,1012227,Hi-Flo 2550 395x645x150-4-25,Påsfilter används för att skydda aggregat och förbättra luftkvaliteten.,Påsfilter,07300310258454,,,C-se556088132701-77,1,ALFA,[1],['ALFA'],,https://www.bastaonline.se/?aid=751881,"{'id': 330, 'name': 'Camfil Svenska AB', 'url': None}","{'code': '21099', 'name': 'Ventilation övrigt'}","{'code': 'QGB.1', 'name': 'Engångsfilter', 'aggregationName': None}","{'hasSubstancesCoveredByInformationRequirements': False, 'hasInformation': True, 'hasHealthAndEnvironmentalHazards': True, 'hasCircularity': True, 'hasRenewability': False, 'hasEnvironmentalEffects': False, 'hasEmissionsAndTests': False, 'hasArticleDocumentation': True, 'hasEpdDocumentation': False, 'hasBvdDocumentation': False, 'hasPbDocumentation': False, 'hasEmissionDocumentation': False, 'hasMhibetaDocumentation': False, 'hasSdbDocumentation': False, 'hasOtherDocumentation': False, 'hasCirculatedMaterials': True, 'hasReusability': False, 'hasReusabilityPercentage': False, 'hasRecyclability': False, 'hasRecyclabilityPercentage': False, 'hasCircularityBusinessModels': False, 'hasRenewableMaterials': False, 'hasBoverketEnvironmentalEffects': False, 'hasSwedishWoodArticle': False, 'hasEmissionsAndTestsVoc': False, 'hasEmissionsAndTestsFormaldehyde': False, 'hasEmissionsAndTestsCarcinogenic': False, 'hasEmissionsAndTestsLeaching': False}",2026-05-22T08:29:08.893,AS-33,probe-20260917-as33bastaprobe-3,2026-09-17,c3a051eb0beebd5494f14dce1c01dd9a9e02c63ac8d086a90916d32b347b4665,42,47
639755,P-PIL9,754276,Pilaster,,Industribyggnader,7319667542765,,,A-7300009-00795-0-18,1,ALFA,[1],['ALFA'],,https://www.bastaonline.se/?aid=639755,"{'id': 242, 'name': 'Lindab AB', 'url': None}","{'code': '01505', 'name': 'Plåt'}","{'code': 'HSB', 'name': 'KONSTRUKTIONER AV LÄNGDFORMVAROR AV METALL I HUS', 'aggregationName': None}","{'hasSubstancesCoveredByInformationRequirements': False, 'hasInformation': True, 'hasHealthAndEnvironmentalHazards': True, 'hasCircularity': True, 'hasRenewability': True, 'hasEnvironmentalEffects': False, 'hasEmissionsAndTests': False, 'hasArticleDocumentation': False, 'hasEpdDocumentation': False, 'hasBvdDocumentation': False, 'hasPbDocumentation': False, 'hasEmissionDocumentation': False, 'hasMhibetaDocumentation': False, 'hasSdbDocumentation': False, 'hasOtherDocumentation': False, 'hasCirculatedMaterials': False, 'hasReusability': False, 'hasReusabilityPercentage': False, 'hasRecyclability': False, 'hasRecyclabilityPercentage': False, 'hasCircularityBusinessModels': False, 'hasRenewableMaterials': False, 'hasBoverketEnvironmentalEffects': False, 'hasSwedishWoodArticle': False, 'hasEmissionsAndTestsVoc': False, 'hasEmissionsAndTestsFormaldehyde': False, 'hasEmissionsAndTestsCarcinogenic': False, 'hasEmissionsAndTestsLeaching': False}",2024-09-12T10:42:07.61,AS-33,probe-20260917-as33bastaprobe-3,2026-09-17,c3a051eb0beebd5494f14dce1c01dd9a9e02c63ac8d086a90916d32b347b4665,42,48
698656,Signature Trace Scree,AR0W8400CP.SPXBU,"2,5mm Thick, 1mm Wear Layer, (914.4mm x 457.2mm X Grain)",,Amtico Signature,05023510108078,,,C-SE556598527101-4,1,ALFA,[1],['ALFA'],,https://www.bastaonline.se/?aid=698656,"{'id': 279, 'name': 'Amtico International AB', 'url': None}","{'code': '03104', 'name': 'Plastgolv'}","{'code': 'MFK.1', 'name': 'Beläggningar av matta eller plattor av plast utan krav på vattentäthet', 'aggregationName': None}","{'hasSubstancesCoveredByInformationRequirements': False, 'hasInformation': True, 'hasHealthAndEnvironmentalHazards': True, 'hasCircularity': True, 'hasRenewability': True, 'hasEnvironmentalEffects': True, 'hasEmissionsAndTests': True, 'hasArticleDocumentation': True, 'hasEpdDocumentation': False, 'hasBvdDocumentation': False, 'hasPbDocumentation': False, 'hasEmissionDocumentation': False, 'hasMhibetaDocumentation': False, 'hasSdbDocumentation': False, 'hasOtherDocumentation': False, 'hasCirculatedMaterials': True, 'hasReusability': False, 'hasReusabilityPercentage': False, 'hasRecyclability': False, 'hasRecyclabilityPercentage': False, 'hasCircularityBusinessModels': False, 'hasRenewableMaterials': True, 'hasBoverketEnvironmentalEffects': False, 'hasSwedishWoodArticle': False, 'hasEmissionsAndTestsVoc': True, 'hasEmissionsAndTestsFormaldehyde': True, 'hasEmissionsAndTestsCarcinogenic': True, 'hasEmissionsAndTestsLeaching': False}",2026-08-19T07:46:07.553,AS-33,probe-20260917-as33bastaprobe-3,2026-09-17,c3a051eb0beebd5494f14dce1c01dd9a9e02c63ac8d086a90916d32b347b4665,42,49
260410,Trä/alu Sidohängt Ut 3-gl,70112001111550,Sidohängt fönster i aluminiumbeklätt trä utåtgående 3-glas (Rund profil),fönster F2 11-15,Svenska Fönster,,,,C-SE556064842901-10,1,ALFA,[1],['ALFA'],,https://www.bastaonline.se/?aid=260410,"{'id': 325, 'name': 'Svenska Fönster AB', 'url': None}","{'code': '04103', 'name': 'Utåtgående fönster trä/aluminium'}","{'code': 'NSC.1', 'name': 'Fönster, fönsterdörrar, fönsterpartier, väggpartier o d', 'aggregationName': None}","{'hasSubstancesCoveredByInformationRequirements': False, 'hasInformation': True, 'hasHealthAndEnvironmentalHazards': True, 'hasCircularity': True, 'hasRenewability': False, 'hasEnvironmentalEffects': False, 'hasEmissionsAndTests': False, 'hasArticleDocumentation': True, 'hasEpdDocumentation': False, 'hasBvdDocumentation': False, 'hasPbDocumentation': False, 'hasEmissionDocumentation': False, 'hasMhibetaDocumentation': False, 'hasSdbDocumentation': False, 'hasOtherDocumentation': False, 'hasCirculatedMaterials': False, 'hasReusability': False, 'hasReusabilityPercentage': False, 'hasRecyclability': False, 'hasRecyclabilityPercentage': False, 'hasCircularityBusinessModels': False, 'hasRenewableMaterials': False, 'hasBoverketEnvironmentalEffects': False, 'hasSwedishWoodArticle': False, 'hasEmissionsAndTestsVoc': False, 'hasEmissionsAndTestsFormaldehyde': False, 'hasEmissionsAndTestsCarcinogenic': False, 'hasEmissionsAndTestsLeaching': False}",2026-06-04T03:36:49.967,AS-33,probe-20260917-as33bastaprobe-3,2026-09-17,c3a051eb0beebd5494f14dce1c01dd9a9e02c63ac8d086a90916d32b347b4665,42,50
605530,UTGÅTT Montageskruv MONTA WS DH EFZ,154030,"4,2X16 mm PH2",Självborrande montageskruv som kan monteras utan förborrning för inomhusbruk. Elförzinkad.,NKT,5701291540309,,,C-SE556030857801-40,1,ALFA,[1],['ALFA'],,https://www.bastaonline.se/?aid=605530,"{'id': 502, 'name': 'ITW Construction Products AB', 'url': None}","{'code': '05111', 'name': 'Montageskruv'}","{'code': 'ZS', 'name': 'DIVERSE TÄTNINGAR, KOMPLETTERINGAR, INFÄSTNINGAR O D I HUS', 'aggregationName': None}","{'hasSubstancesCoveredByInformationRequirements': False, 'hasInformation': True, 'hasHealthAndEnvironmentalHazards': True, 'hasCircularity': True, 'hasRenewability': True, 'hasEnvironmentalEffects': False, 'hasEmissionsAndTests': False, 'hasArticleDocumentation': True, 'hasEpdDocumentation': False, 'hasBvdDocumentation': False, 'hasPbDocumentation': False, 'hasEmissionDocumentation': False, 'hasMhibetaDocumentation': False, 'hasSdbDocumentation': False, 'hasOtherDocumentation': False, 'hasCirculatedMaterials': False, 'hasReusability': False, 'hasReusabilityPercentage': False, 'hasRecyclability': False, 'hasRecyclabilityPercentage': False, 'hasCircularityBusinessModels': False, 'hasRenewableMaterials': False, 'hasBoverketEnvironmentalEffects': False, 'hasSwedishWoodArticle': False, 'hasEmissionsAndTestsVoc': False, 'hasEmissionsAndTestsFormaldehyde': False, 'hasEmissionsAndTestsCarcinogenic': False, 'hasEmissionsAndTestsLeaching': False}",2026-04-15T15:35:29.08,AS-33,probe-20260917-as33bastaprobe-3,2026-09-17,c3a051eb0beebd5494f14dce1c01dd9a9e02c63ac8d086a90916d32b347b4665,42,51
611013,RFL,497587,Vent detalj,,Cirk. kanalsystem,7319660723499,,,A-7300009-00795-0-249,1,ALFA,[1],['ALFA'],,https://www.bastaonline.se/?aid=611013,"{'id': 242, 'name': 'Lindab AB', 'url': None}","{'code': '21002', 'name': 'Kanalsystem'}","{'code': 'QLB.1', 'name': 'Metallkanaler med cirkulärt tvärsnitt', 'aggregationName': None}","{'hasSubstancesCoveredByInformationRequirements': False, 'hasInformation': True, 'hasHealthAndEnvironmentalHazards': True, 'hasCircularity': True, 'hasRenewability': True, 'hasEnvironmentalEffects': False, 'hasEmissionsAndTests': False, 'hasArticleDocumentation': False, 'hasEpdDocumentation': False, 'hasBvdDocumentation': False, 'hasPbDocumentation': False, 'hasEmissionDocumentation': False, 'hasMhibetaDocumentation': False, 'hasSdbDocumentation': False, 'hasOtherDocumentation': False, 'hasCirculatedMaterials': False, 'hasReusability': False, 'hasReusabilityPercentage': False, 'hasRecyclability': False, 'hasRecyclabilityPercentage': False, 'hasCircularityBusinessModels': False, 'hasRenewableMaterials': False, 'hasBoverketEnvironmentalEffects': False, 'hasSwedishWoodArticle': False, 'hasEmissionsAndTestsVoc': False, 'hasEmissionsAndTestsFormaldehyde': False, 'hasEmissionsAndTestsCarcinogenic': False, 'hasEmissionsAndTestsLeaching': False}",2024-09-12T08:49:14.87,AS-33,probe-20260917-as33bastaprobe-3,2026-09-17,c3a051eb0beebd5494f14dce1c01dd9a9e02c63ac8d086a90916d32b347b4665,42,52
740909,AirMaster,712211009,,,,8717848611009,,,,1,ALFA,[1],['ALFA'],,https://www.bastaonline.se/?aid=740909,"{'id': 201, 'name': 'Tarkett AB', 'url': None}","{'code': '03106', 'name': 'Textilgolv'}","{'code': 'MFB', 'name': 'BELÄGGNINGAR AV MATTA ELLER PLATTOR AV TEXTIL', 'aggregationName': None}","{'hasSubstancesCoveredByInformationRequirements': False, 'hasInformation': True, 'hasHealthAndEnvironmentalHazards': True, 'hasCircularity': True, 'hasRenewability': False, 'hasEnvironmentalEffects': True, 'hasEmissionsAndTests': False, 'hasArticleDocumentation': False, 'hasEpdDocumentation': False, 'hasBvdDocumentation': False, 'hasPbDocumentation': False, 'hasEmissionDocumentation': False, 'hasMhibetaDocumentation': False, 'hasSdbDocumentation': False, 'hasOtherDocumentation': False, 'hasCirculatedMaterials': True, 'hasReusability': False, 'hasReusabilityPercentage': False, 'hasRecyclability': False, 'hasRecyclabilityPercentage': False, 'hasCircularityBusinessModels': False, 'hasRenewableMaterials': False, 'hasBoverketEnvironmentalEffects': False, 'hasSwedishWoodArticle': False, 'hasEmissionsAndTestsVoc': False, 'hasEmissionsAndTestsFormaldehyde': False, 'hasEmissionsAndTestsCarcinogenic': False, 'hasEmissionsAndTestsLeaching': False}",2026-02-12T09:59:31.057,AS-33,probe-20260917-as33bastaprobe-3,2026-09-17,c3a051eb0beebd5494f14dce1c01dd9a9e02c63ac8d086a90916d32b347b4665,42,53
564454,VVS SKRUV,500145," 4,5X60 KULLERFÖRS TKFX PZ1 A2 DIN 7995",,ESSVE,7317761094272,,,,1,ALFA,[1],['ALFA'],,https://www.bastaonline.se/?aid=564454,"{'id': 88, 'name': 'ESSVE Produkter AB', 'url': None}","{'code': '05102', 'name': 'Träskruv invändig'}","{'code': 'Z', 'name': 'DIVERSE TÄTNINGAR, KOMPLETTERINGAR, INFÄSTNINGAR O D', 'aggregationName': None}","{'hasSubstancesCoveredByInformationRequirements': False, 'hasInformation': True, 'hasHealthAndEnvironmentalHazards': True, 'hasCircularity': False, 'hasRenewability': False, 'hasEnvironmentalEffects': False, 'hasEmissionsAndTests': False, 'hasArticleDocumentation': False, 'hasEpdDocumentation': False, 'hasBvdDocumentation': False, 'hasPbDocumentation': False, 'hasEmissionDocumentation': False, 'hasMhibetaDocumentation': False, 'hasSdbDocumentation': False, 'hasOtherDocumentation': False, 'hasCirculatedMaterials': False, 'hasReusability': False, 'hasReusabilityPercentage': False, 'hasRecyclability': False, 'hasRecyclabilityPercentage': False, 'hasCircularityBusinessModels': False, 'hasRenewableMaterials': False, 'hasBoverketEnvironmentalEffects': False, 'hasSwedishWoodArticle': False, 'hasEmissionsAndTestsVoc': False, 'hasEmissionsAndTestsFormaldehyde': False, 'hasEmissionsAndTestsCarcinogenic': False, 'hasEmissionsAndTestsLeaching': False}",2018-12-18T13:16:35.197,AS-33,probe-20260917-as33bastaprobe-3,2026-09-17,c3a051eb0beebd5494f14dce1c01dd9a9e02c63ac8d086a90916d32b347b4665,42,54
697981,Signature Rosa Classic Marble,AR0SCA53CE.WG0BU," 2,5mm Thick, 1mm Wear Layer, (1219.2mm x 228.6mm)",,Amtico Signature,05023510192442,,,C-SE556598527101-4,1,ALFA,[1],['ALFA'],,https://www.bastaonline.se/?aid=697981,"{'id': 279, 'name': 'Amtico International AB', 'url': None}","{'code': '03104', 'name': 'Plastgolv'}","{'code': 'MFK.1', 'name': 'Beläggningar av matta eller plattor av plast utan krav på vattentäthet', 'aggregationName': None}","{'hasSubstancesCoveredByInformationRequirements': False, 'hasInformation': True, 'hasHealthAndEnvironmentalHazards': True, 'hasCircularity': True, 'hasRenewability': True, 'hasEnvironmentalEffects': True, 'hasEmissionsAndTests': True, 'hasArticleDocumentation': True, 'hasEpdDocumentation': False, 'hasBvdDocumentation': False, 'hasPbDocumentation': False, 'hasEmissionDocumentation': False, 'hasMhibetaDocumentation': False, 'hasSdbDocumentation': False, 'hasOtherDocumentation': False, 'hasCirculatedMaterials': True, 'hasReusability': False, 'hasReusabilityPercentage': False, 'hasRecyclability': False, 'hasRecyclabilityPercentage': False, 'hasCircularityBusinessModels': False, 'hasRenewableMaterials': True, 'hasBoverketEnvironmentalEffects': False, 'hasSwedishWoodArticle': False, 'hasEmissionsAndTestsVoc': True, 'hasEmissionsAndTestsFormaldehyde': True, 'hasEmissionsAndTestsCarcinogenic': True, 'hasEmissionsAndTestsLeaching': False}",2026-08-19T07:42:54.027,AS-33,probe-20260917-as33bastaprobe-3,2026-09-17,c3a051eb0beebd5494f14dce1c01dd9a9e02c63ac8d086a90916d32b347b4665,42,55
514139,ORIGINAL VÄGG HALVMATT 20,5234603,BASE WHITE 10 L,"Original Väggfärg halvmatt ger en halvmatt och behaglig yta till dina väggar. Original Väggfärg halvmatt är avsedd för målning inomhus på puts, betong, lättbetong, gipsskivor, glasfiberväv m.m.",NORDSJÖ,07391306184598,,,C-SE556142801101-139,1,ALFA,[1],['ALFA'],,https://www.bastaonline.se/?aid=514139,"{'id': 78, 'name': 'Akzo Nobel Decorative Coatings AB', 'url': None}","{'code': '03404', 'name': 'Vägg- och takfärg inomhus'}","{'code': 'L', 'name': 'PUTS, MÅLNING, SKYDDSBELÄGGNINGAR, SKYDDSIMPREGNERINGAR M M', 'aggregationName': None}","{'hasSubstancesCoveredByInformationRequirements': False, 'hasInformation': True, 'hasHealthAndEnvironmentalHazards': True, 'hasCircularity': True, 'hasRenewability': True, 'hasEnvironmentalEffects': False, 'hasEmissionsAndTests': True, 'hasArticleDocumentation': True, 'hasEpdDocumentation': False, 'hasBvdDocumentation': False, 'hasPbDocumentation': False, 'hasEmissionDocumentation': False, 'hasMhibetaDocumentation': False, 'hasSdbDocumentation': False, 'hasOtherDocumentation': False, 'hasCirculatedMaterials': False, 'hasReusability': False, 'hasReusabilityPercentage': False, 'hasRecyclability': False, 'hasRecyclabilityPercentage': False, 'hasCircularityBusinessModels': False, 'hasRenewableMaterials': False, 'hasBoverketEnvironmentalEffects': False, 'hasSwedishWoodArticle': False, 'hasEmissionsAndTestsVoc': True, 'hasEmissionsAndTestsFormaldehyde': True, 'hasEmissionsAndTestsCarcinogenic': True, 'hasEmissionsAndTestsLeaching': False}",2026-04-13T11:47:12.737,AS-33,probe-20260917-as33bastaprobe-3,2026-09-17,c3a051eb0beebd5494f14dce1c01dd9a9e02c63ac8d086a90916d32b347b4665,42,56
556783,VINYLGOLV 50224  SPHERA ENERGE,180889,TIC FOSSIL,,,8711514182428,,,,1,ALFA,[1],['ALFA'],,https://www.bastaonline.se/?aid=556783,"{'id': 328, 'name': 'Forbo Flooring AB', 'url': None}","{'code': '03104', 'name': 'Plastgolv'}","{'code': 'M', 'name': 'SKIKT AV BELÄGGNINGS- OCH BEKLÄDNADSVAROR I HUS', 'aggregationName': None}","{'hasSubstancesCoveredByInformationRequirements': False, 'hasInformation': True, 'hasHealthAndEnvironmentalHazards': True, 'hasCircularity': False, 'hasRenewability': False, 'hasEnvironmentalEffects': False, 'hasEmissionsAndTests': False, 'hasArticleDocumentation': False, 'hasEpdDocumentation': False, 'hasBvdDocumentation': False, 'hasPbDocumentation': False, 'hasEmissionDocumentation': False, 'hasMhibetaDocumentation': False, 'hasSdbDocumentation': False, 'hasOtherDocumentation': False, 'hasCirculatedMaterials': False, 'hasReusability': False, 'hasReusabilityPercentage': False, 'hasRecyclability': False, 'hasRecyclabilityPercentage': False, 'hasCircularityBusinessModels': False, 'hasRenewableMaterials': False, 'hasBoverketEnvironmentalEffects': False, 'hasSwedishWoodArticle': False, 'hasEmissionsAndTestsVoc': False, 'hasEmissionsAndTestsFormaldehyde': False, 'hasEmissionsAndTestsCarcinogenic': False, 'hasEmissionsAndTestsLeaching': False}",2020-12-01T19:49:18.673,AS-33,probe-20260917-as33bastaprobe-3,2026-09-17,c3a051eb0beebd5494f14dce1c01dd9a9e02c63ac8d086a90916d32b347b4665,42,57
752447,"Ringspik PSN, PFS DS VFZ",140534,"3,1x98 mm 34° pappersbandning","Bandad ringspik med D-huvud och diamantspets, för PSN och PFS, för utomhusbruk. Varmförzinkad.",PASLODE,05701291405349,,,C-SE556030857801-18,1,ALFA,[1],['ALFA'],,https://www.bastaonline.se/?aid=752447,"{'id': 502, 'name': 'ITW Construction Products AB', 'url': None}","{'code': '05005', 'name': 'Bandad och skjutspik'}","{'code': 'ZS', 'name': 'DIVERSE TÄTNINGAR, KOMPLETTERINGAR, INFÄSTNINGAR O D I HUS', 'aggregationName': None}","{'hasSubstancesCoveredByInformationRequirements': False, 'hasInformation': True, 'hasHealthAndEnvironmentalHazards': True, 'hasCircularity': True, 'hasRenewability': True, 'hasEnvironmentalEffects': False, 'hasEmissionsAndTests': False, 'hasArticleDocumentation': True, 'hasEpdDocumentation': False, 'hasBvdDocumentation': False, 'hasPbDocumentation': False, 'hasEmissionDocumentation': False, 'hasMhibetaDocumentation': False, 'hasSdbDocumentation': False, 'hasOtherDocumentation': False, 'hasCirculatedMaterials': False, 'hasReusability': False, 'hasReusabilityPercentage': False, 'hasRecyclability': False, 'hasRecyclabilityPercentage': False, 'hasCircularityBusinessModels': False, 'hasRenewableMaterials': False, 'hasBoverketEnvironmentalEffects': False, 'hasSwedishWoodArticle': False, 'hasEmissionsAndTestsVoc': False, 'hasEmissionsAndTestsFormaldehyde': False, 'hasEmissionsAndTestsCarcinogenic': False, 'hasEmissionsAndTestsLeaching': False}",2026-05-29T09:48:45.567,AS-33,probe-20260917-as33bastaprobe-3,2026-09-17,c3a051eb0beebd5494f14dce1c01dd9a9e02c63ac8d086a90916d32b347b4665,42,58
741790,Spacia Safety Credenza Oak,SG5D3000S.SP177,"2.5mm thick, 0.55mm enhance slip resistant wear layer, Parquet Large (WD)",,Amtico Spacia Safety,05023510257806,,,C-SE556598527101-10,1,ALFA,[1],['ALFA'],,https://www.bastaonline.se/?aid=741790,"{'id': 279, 'name': 'Amtico International AB', 'url': None}","{'code': '03104', 'name': 'Plastgolv'}","{'code': 'MFK.1', 'name': 'Beläggningar av matta eller plattor av plast utan krav på vattentäthet', 'aggregationName': None}","{'hasSubstancesCoveredByInformationRequirements': False, 'hasInformation': True, 'hasHealthAndEnvironmentalHazards': True, 'hasCircularity': True, 'hasRenewability': True, 'hasEnvironmentalEffects': True, 'hasEmissionsAndTests': True, 'hasArticleDocumentation': True, 'hasEpdDocumentation': False, 'hasBvdDocumentation': False, 'hasPbDocumentation': False, 'hasEmissionDocumentation': False, 'hasMhibetaDocumentation': False, 'hasSdbDocumentation': False, 'hasOtherDocumentation': False, 'hasCirculatedMaterials': True, 'hasReusability': False, 'hasReusabilityPercentage': False, 'hasRecyclability': False, 'hasRecyclabilityPercentage': False, 'hasCircularityBusinessModels': False, 'hasRenewableMaterials': True, 'hasBoverketEnvironmentalEffects': False, 'hasSwedishWoodArticle': False, 'hasEmissionsAndTestsVoc': True, 'hasEmissionsAndTestsFormaldehyde': True, 'hasEmissionsAndTestsCarcinogenic': True, 'hasEmissionsAndTestsLeaching': False}",2026-08-19T08:08:30.46,AS-33,probe-20260917-as33bastaprobe-3,2026-09-17,c3a051eb0beebd5494f14dce1c01dd9a9e02c63ac8d086a90916d32b347b4665,42,59
602515,ENTRÉGOLV 4759 CORAL CLASSIC 9,182064,0 X 155 CM,,,8710947233226,,,,1,ALFA,[1],['ALFA'],,https://www.bastaonline.se/?aid=602515,"{'id': 328, 'name': 'Forbo Flooring AB', 'url': None}","{'code': '03104', 'name': 'Plastgolv'}","{'code': 'M', 'name': 'SKIKT AV BELÄGGNINGS- OCH BEKLÄDNADSVAROR I HUS', 'aggregationName': None}","{'hasSubstancesCoveredByInformationRequirements': False, 'hasInformation': True, 'hasHealthAndEnvironmentalHazards': True, 'hasCircularity': False, 'hasRenewability': False, 'hasEnvironmentalEffects': False, 'hasEmissionsAndTests': False, 'hasArticleDocumentation': False, 'hasEpdDocumentation': False, 'hasBvdDocumentation': False, 'hasPbDocumentation': False, 'hasEmissionDocumentation': False, 'hasMhibetaDocumentation': False, 'hasSdbDocumentation': False, 'hasOtherDocumentation': False, 'hasCirculatedMaterials': False, 'hasReusability': False, 'hasReusabilityPercentage': False, 'hasRecyclability': False, 'hasRecyclabilityPercentage': False, 'hasCircularityBusinessModels': False, 'hasRenewableMaterials': False, 'hasBoverketEnvironmentalEffects': False, 'hasSwedishWoodArticle': False, 'hasEmissionsAndTestsVoc': False, 'hasEmissionsAndTestsFormaldehyde': False, 'hasEmissionsAndTestsCarcinogenic': False, 'hasEmissionsAndTestsLeaching': False}",2020-12-01T19:49:18.703,AS-33,probe-20260917-as33bastaprobe-3,2026-09-17,c3a051eb0beebd5494f14dce1c01dd9a9e02c63ac8d086a90916d32b347b4665,42,60
707074,MC6S I4762-A4-80 M20x40 Insexskruv,5010320040,Skruv med invändigt sexkantgrepp och cylindrisk skalle.,,Arvid Nilsson,7321130374575,,,,1,ALFA,[1],['ALFA'],,https://www.bastaonline.se/?aid=707074,"{'id': 461, 'name': 'Arvid Nilsson AB', 'url': None}","{'code': '05203', 'name': 'Skruv maskin/insex'}","{'code': 'ZS', 'name': 'DIVERSE TÄTNINGAR, KOMPLETTERINGAR, INFÄSTNINGAR O D I HUS', 'aggregationName': None}","{'hasSubstancesCoveredByInformationRequirements': False, 'hasInformation': True, 'hasHealthAndEnvironmentalHazards': True, 'hasCircularity': True, 'hasRenewability': True, 'hasEnvironmentalEffects': False, 'hasEmissionsAndTests': False, 'hasArticleDocumentation': False, 'hasEpdDocumentation': False, 'hasBvdDocumentation': False, 'hasPbDocumentation': False, 'hasEmissionDocumentation': False, 'hasMhibetaDocumentation': False, 'hasSdbDocumentation': False, 'hasOtherDocumentation': False, 'hasCirculatedMaterials': False, 'hasReusability': False, 'hasReusabilityPercentage': False, 'hasRecyclability': False, 'hasRecyclabilityPercentage': False, 'hasCircularityBusinessModels': False, 'hasRenewableMaterials': False, 'hasBoverketEnvironmentalEffects': True, 'hasSwedishWoodArticle': False, 'hasEmissionsAndTestsVoc': False, 'hasEmissionsAndTestsFormaldehyde': False, 'hasEmissionsAndTestsCarcinogenic': False, 'hasEmissionsAndTestsLeaching': False}",2026-07-07T13:01:38.867,AS-33,probe-20260917-as33bastaprobe-3,2026-09-17,c3a051eb0beebd5494f14dce1c01dd9a9e02c63ac8d086a90916d32b347b4665,42,61
629369,TCUI,853727,Isolerat centriskt T-rör med handbyggd förgrening.,,ISOL - kanalsystem,7319668537272,,,A-7300009-00795-0-62,1,ALFA,[1],['ALFA'],,https://www.bastaonline.se/?aid=629369,"{'id': 242, 'name': 'Lindab AB', 'url': None}","{'code': '21002', 'name': 'Kanalsystem'}","{'code': 'QLB.1', 'name': 'Metallkanaler med cirkulärt tvärsnitt', 'aggregationName': None}","{'hasSubstancesCoveredByInformationRequirements': False, 'hasInformation': True, 'hasHealthAndEnvironmentalHazards': True, 'hasCircularity': True, 'hasRenewability': True, 'hasEnvironmentalEffects': False, 'hasEmissionsAndTests': False, 'hasArticleDocumentation': False, 'hasEpdDocumentation': False, 'hasBvdDocumentation': False, 'hasPbDocumentation': False, 'hasEmissionDocumentation': False, 'hasMhibetaDocumentation': False, 'hasSdbDocumentation': False, 'hasOtherDocumentation': False, 'hasCirculatedMaterials': False, 'hasReusability': False, 'hasReusabilityPercentage': False, 'hasRecyclability': False, 'hasRecyclabilityPercentage': False, 'hasCircularityBusinessModels': False, 'hasRenewableMaterials': False, 'hasBoverketEnvironmentalEffects': False, 'hasSwedishWoodArticle': False, 'hasEmissionsAndTestsVoc': False, 'hasEmissionsAndTestsFormaldehyde': False, 'hasEmissionsAndTestsCarcinogenic': False, 'hasEmissionsAndTestsLeaching': False}",2024-09-12T10:11:03.383,AS-33,probe-20260917-as33bastaprobe-3,2026-09-17,c3a051eb0beebd5494f14dce1c01dd9a9e02c63ac8d086a90916d32b347b4665,42,62
679337,HST3 M8 Expanderbult,2105888,HST3 M8x75 -/10,,Hilti,7613023949572,,,,1,ALFA,[1],['ALFA'],,https://www.bastaonline.se/?aid=679337,"{'id': 86, 'name': 'Hilti Svenska AB', 'url': None}","{'code': '05401', 'name': 'Expanderbult och förankring'}","{'code': 'ZBE', 'name': 'FÄSTDON I ANLÄGGNING', 'aggregationName': None}","{'hasSubstancesCoveredByInformationRequirements': False, 'hasInformation': True, 'hasHealthAndEnvironmentalHazards': True, 'hasCircularity': False, 'hasRenewability': False, 'hasEnvironmentalEffects': False, 'hasEmissionsAndTests': False, 'hasArticleDocumentation': False, 'hasEpdDocumentation': False, 'hasBvdDocumentation': False, 'hasPbDocumentation': False, 'hasEmissionDocumentation': False, 'hasMhibetaDocumentation': False, 'hasSdbDocumentation': False, 'hasOtherDocumentation': False, 'hasCirculatedMaterials': False, 'hasReusability': False, 'hasReusabilityPercentage': False, 'hasRecyclability': False, 'hasRecyclabilityPercentage': False, 'hasCircularityBusinessModels': False, 'hasRenewableMaterials': False, 'hasBoverketEnvironmentalEffects': False, 'hasSwedishWoodArticle': False, 'hasEmissionsAndTestsVoc': False, 'hasEmissionsAndTestsFormaldehyde': False, 'hasEmissionsAndTestsCarcinogenic': False, 'hasEmissionsAndTestsLeaching': False}",2022-10-19T20:26:32.407,AS-33,probe-20260917-as33bastaprobe-3,2026-09-17,c3a051eb0beebd5494f14dce1c01dd9a9e02c63ac8d086a90916d32b347b4665,42,63
508737,PAROC Hvac Combi AluCoat T,8560225,Teknisk Isolering,,,6438085602255,,,,1,ALFA,[1],['ALFA'],,https://www.bastaonline.se/?aid=508737,"{'id': 81, 'name': 'Paroc AB', 'url': None}","{'code': '01301', 'name': 'Mineralull'}","{'code': 'I', 'name': 'SKIKT AV TERMOISOLERVAROR M M I HUS OCH I GRUNDKONSTRUKTIONER TILL HUS', 'aggregationName': None}","{'hasSubstancesCoveredByInformationRequirements': False, 'hasInformation': True, 'hasHealthAndEnvironmentalHazards': True, 'hasCircularity': False, 'hasRenewability': False, 'hasEnvironmentalEffects': False, 'hasEmissionsAndTests': False, 'hasArticleDocumentation': False, 'hasEpdDocumentation': False, 'hasBvdDocumentation': False, 'hasPbDocumentation': False, 'hasEmissionDocumentation': False, 'hasMhibetaDocumentation': False, 'hasSdbDocumentation': False, 'hasOtherDocumentation': False, 'hasCirculatedMaterials': False, 'hasReusability': False, 'hasReusabilityPercentage': False, 'hasRecyclability': False, 'hasRecyclabilityPercentage': False, 'hasCircularityBusinessModels': False, 'hasRenewableMaterials': False, 'hasBoverketEnvironmentalEffects': False, 'hasSwedishWoodArticle': False, 'hasEmissionsAndTestsVoc': False, 'hasEmissionsAndTestsFormaldehyde': False, 'hasEmissionsAndTestsCarcinogenic': False, 'hasEmissionsAndTestsLeaching': False}",2017-10-23T16:48:40.33,AS-33,probe-20260917-as33bastaprobe-3,2026-09-17,c3a051eb0beebd5494f14dce1c01dd9a9e02c63ac8d086a90916d32b347b4665,42,64
635467,PVD,501473,Cirkulär rak ljuddämpare,,Cirk. ljuddämpare,7319665014738,,,A-7300009-00795-0-306,1,ALFA,[1],['ALFA'],,https://www.bastaonline.se/?aid=635467,"{'id': 242, 'name': 'Lindab AB', 'url': None}","{'code': '21002', 'name': 'Kanalsystem'}","{'code': 'QKB', 'name': 'LJUDDÄMPARE MED CIRKULÄR ANSLUTNING', 'aggregationName': None}","{'hasSubstancesCoveredByInformationRequirements': False, 'hasInformation': True, 'hasHealthAndEnvironmentalHazards': True, 'hasCircularity': True, 'hasRenewability': True, 'hasEnvironmentalEffects': False, 'hasEmissionsAndTests': False, 'hasArticleDocumentation': False, 'hasEpdDocumentation': False, 'hasBvdDocumentation': False, 'hasPbDocumentation': False, 'hasEmissionDocumentation': False, 'hasMhibetaDocumentation': False, 'hasSdbDocumentation': False, 'hasOtherDocumentation': False, 'hasCirculatedMaterials': False, 'hasReusability': False, 'hasReusabilityPercentage': False, 'hasRecyclability': False, 'hasRecyclabilityPercentage': False, 'hasCircularityBusinessModels': False, 'hasRenewableMaterials': False, 'hasBoverketEnvironmentalEffects': False, 'hasSwedishWoodArticle': False, 'hasEmissionsAndTestsVoc': False, 'hasEmissionsAndTestsFormaldehyde': False, 'hasEmissionsAndTestsCarcinogenic': False, 'hasEmissionsAndTestsLeaching': False}",2024-09-12T10:21:56.78,AS-33,probe-20260917-as33bastaprobe-3,2026-09-17,c3a051eb0beebd5494f14dce1c01dd9a9e02c63ac8d086a90916d32b347b4665,42,65
579587,"BLINDNIT TRYCKTÄT ALST 4,8X16",140151,"GREPP 11,0 BORR 4,9",,,7319611401513,,,,1,ALFA,[1],['ALFA'],,https://www.bastaonline.se/?aid=579587,"{'id': 1018, 'name': 'Ejot Sverige AB', 'url': None}","{'code': '05301', 'name': 'Nit, blindnit och blindnitsmutter'}","{'code': '001', 'name': 'FÖRBRUKNINGSVARA', 'aggregationName': None}","{'hasSubstancesCoveredByInformationRequirements': False, 'hasInformation': True, 'hasHealthAndEnvironmentalHazards': True, 'hasCircularity': False, 'hasRenewability': False, 'hasEnvironmentalEffects': False, 'hasEmissionsAndTests': False, 'hasArticleDocumentation': False, 'hasEpdDocumentation': False, 'hasBvdDocumentation': False, 'hasPbDocumentation': False, 'hasEmissionDocumentation': False, 'hasMhibetaDocumentation': False, 'hasSdbDocumentation': False, 'hasOtherDocumentation': False, 'hasCirculatedMaterials': False, 'hasReusability': False, 'hasReusabilityPercentage': False, 'hasRecyclability': False, 'hasRecyclabilityPercentage': False, 'hasCircularityBusinessModels': False, 'hasRenewableMaterials': False, 'hasBoverketEnvironmentalEffects': False, 'hasSwedishWoodArticle': False, 'hasEmissionsAndTestsVoc': False, 'hasEmissionsAndTestsFormaldehyde': False, 'hasEmissionsAndTestsCarcinogenic': False, 'hasEmissionsAndTestsLeaching': False}",2019-08-22T10:58:19.187,AS-33,probe-20260917-as33bastaprobe-3,2026-09-17,c3a051eb0beebd5494f14dce1c01dd9a9e02c63ac8d086a90916d32b347b4665,42,66
616920,ESHU,546701,"Renslucka, oilserad. Passar i kanal SR",,Rensluckor,7319660440518,,,A-7300009-00795-0-42,1,ALFA,[1],['ALFA'],,https://www.bastaonline.se/?aid=616920,"{'id': 242, 'name': 'Lindab AB', 'url': None}","{'code': '21002', 'name': 'Kanalsystem'}","{'code': 'QLE', 'name': 'LUCKOR I VENTILATIONSKANAL FÖR RENSNING OCH INSPEKTION', 'aggregationName': None}","{'hasSubstancesCoveredByInformationRequirements': False, 'hasInformation': True, 'hasHealthAndEnvironmentalHazards': True, 'hasCircularity': True, 'hasRenewability': True, 'hasEnvironmentalEffects': False, 'hasEmissionsAndTests': False, 'hasArticleDocumentation': False, 'hasEpdDocumentation': False, 'hasBvdDocumentation': False, 'hasPbDocumentation': False, 'hasEmissionDocumentation': False, 'hasMhibetaDocumentation': False, 'hasSdbDocumentation': False, 'hasOtherDocumentation': False, 'hasCirculatedMaterials': False, 'hasReusability': False, 'hasReusabilityPercentage': False, 'hasRecyclability': False, 'hasRecyclabilityPercentage': False, 'hasCircularityBusinessModels': False, 'hasRenewableMaterials': False, 'hasBoverketEnvironmentalEffects': False, 'hasSwedishWoodArticle': False, 'hasEmissionsAndTestsVoc': False, 'hasEmissionsAndTestsFormaldehyde': False, 'hasEmissionsAndTestsCarcinogenic': False, 'hasEmissionsAndTestsLeaching': False}",2024-09-12T09:12:34.717,AS-33,probe-20260917-as33bastaprobe-3,2026-09-17,c3a051eb0beebd5494f14dce1c01dd9a9e02c63ac8d086a90916d32b347b4665,42,67
614168,AVU,295288,Inloppsrör med skyddsnät,Inloppsrör med skyddsnät,Safe Detalj,07319662952880,,,A-7300009-00795-0-52,1,ALFA,[1],['ALFA'],,https://www.bastaonline.se/?aid=614168,"{'id': 242, 'name': 'Lindab AB', 'url': None}","{'code': '21002', 'name': 'Kanalsystem'}","{'code': 'Q', 'name': 'APPARATER, KANALER, DON M M I LUFTBEHANDLINGSSYSTEM', 'aggregationName': None}","{'hasSubstancesCoveredByInformationRequirements': False, 'hasInformation': True, 'hasHealthAndEnvironmentalHazards': True, 'hasCircularity': False, 'hasRenewability': True, 'hasEnvironmentalEffects': False, 'hasEmissionsAndTests': False, 'hasArticleDocumentation': False, 'hasEpdDocumentation': False, 'hasBvdDocumentation': False, 'hasPbDocumentation': False, 'hasEmissionDocumentation': False, 'hasMhibetaDocumentation': False, 'hasSdbDocumentation': False, 'hasOtherDocumentation': False, 'hasCirculatedMaterials': False, 'hasReusability': False, 'hasReusabilityPercentage': False, 'hasRecyclability': False, 'hasRecyclabilityPercentage': False, 'hasCircularityBusinessModels': False, 'hasRenewableMaterials': False, 'hasBoverketEnvironmentalEffects': False, 'hasSwedishWoodArticle': False, 'hasEmissionsAndTestsVoc': False, 'hasEmissionsAndTestsFormaldehyde': False, 'hasEmissionsAndTestsCarcinogenic': False, 'hasEmissionsAndTestsLeaching': False}",2024-09-23T12:10:28.47,AS-33,probe-20260917-as33bastaprobe-3,2026-09-17,c3a051eb0beebd5494f14dce1c01dd9a9e02c63ac8d086a90916d32b347b4665,42,68
724185,PE-RÖR 500 PN 16 L=6 M,16056,SDR 11 PE 100-RC UTAN STRIPE,,,,,,,1,ALFA,[1],['ALFA'],,https://www.bastaonline.se/?aid=724185,"{'id': 196, 'name': 'Extena AB', 'url': None}","{'code': '20201', 'name': 'Markavlopp'}","{'code': 'P', 'name': 'APPARATER, LEDNINGAR M M I RÖRSYSTEM ELLER RÖRLEDNINGSNÄT', 'aggregationName': None}","{'hasSubstancesCoveredByInformationRequirements': False, 'hasInformation': True, 'hasHealthAndEnvironmentalHazards': True, 'hasCircularity': True, 'hasRenewability': False, 'hasEnvironmentalEffects': False, 'hasEmissionsAndTests': False, 'hasArticleDocumentation': False, 'hasEpdDocumentation': False, 'hasBvdDocumentation': False, 'hasPbDocumentation': False, 'hasEmissionDocumentation': False, 'hasMhibetaDocumentation': False, 'hasSdbDocumentation': False, 'hasOtherDocumentation': False, 'hasCirculatedMaterials': False, 'hasReusability': True, 'hasReusabilityPercentage': False, 'hasRecyclability': True, 'hasRecyclabilityPercentage': False, 'hasCircularityBusinessModels': False, 'hasRenewableMaterials': False, 'hasBoverketEnvironmentalEffects': False, 'hasSwedishWoodArticle': False, 'hasEmissionsAndTestsVoc': False, 'hasEmissionsAndTestsFormaldehyde': False, 'hasEmissionsAndTestsCarcinogenic': False, 'hasEmissionsAndTestsLeaching': False}",2025-04-14T13:18:10.443,AS-33,probe-20260917-as33bastaprobe-3,2026-09-17,c3a051eb0beebd5494f14dce1c01dd9a9e02c63ac8d086a90916d32b347b4665,42,69
750415,12x12 mm kvartstav Ek,10002501201200,12 x 12 mm,Ek,Wibergs,,,,,1,ALFA,[1],['ALFA'],,https://www.bastaonline.se/?aid=750415,"{'id': 702, 'name': 'Henry Wiberg AB', 'url': None}","{'code': '02007', 'name': 'Läkt'}","{'code': 'M', 'name': 'SKIKT AV BELÄGGNINGS- OCH BEKLÄDNADSVAROR I HUS', 'aggregationName': None}","{'hasSubstancesCoveredByInformationRequirements': False, 'hasInformation': True, 'hasHealthAndEnvironmentalHazards': True, 'hasCircularity': True, 'hasRenewability': False, 'hasEnvironmentalEffects': False, 'hasEmissionsAndTests': False, 'hasArticleDocumentation': False, 'hasEpdDocumentation': False, 'hasBvdDocumentation': False, 'hasPbDocumentation': False, 'hasEmissionDocumentation': False, 'hasMhibetaDocumentation': False, 'hasSdbDocumentation': False, 'hasOtherDocumentation': False, 'hasCirculatedMaterials': False, 'hasReusability': False, 'hasReusabilityPercentage': False, 'hasRecyclability': True, 'hasRecyclabilityPercentage': False, 'hasCircularityBusinessModels': False, 'hasRenewableMaterials': False, 'hasBoverketEnvironmentalEffects': False, 'hasSwedishWoodArticle': False, 'hasEmissionsAndTestsVoc': False, 'hasEmissionsAndTestsFormaldehyde': False, 'hasEmissionsAndTestsCarcinogenic': False, 'hasEmissionsAndTestsLeaching': False}",2026-04-22T08:05:04.427,AS-33,probe-20260917-as33bastaprobe-3,2026-09-17,c3a051eb0beebd5494f14dce1c01dd9a9e02c63ac8d086a90916d32b347b4665,42,70
698957,Signature Worn Concrete,AR0STL39CE.WB0BU,"2,5mm Thick, 1mm Wear Layer, (609.6mm x 457.2mm)",,Amtico Signature,05023510209737,,,C-SE556598527101-4,1,ALFA,[1],['ALFA'],,https://www.bastaonline.se/?aid=698957,"{'id': 279, 'name': 'Amtico International AB', 'url': None}","{'code': '03104', 'name': 'Plastgolv'}","{'code': 'MFK.1', 'name': 'Beläggningar av matta eller plattor av plast utan krav på vattentäthet', 'aggregationName': None}","{'hasSubstancesCoveredByInformationRequirements': False, 'hasInformation': True, 'hasHealthAndEnvironmentalHazards': True, 'hasCircularity': True, 'hasRenewability': True, 'hasEnvironmentalEffects': True, 'hasEmissionsAndTests': True, 'hasArticleDocumentation': True, 'hasEpdDocumentation': False, 'hasBvdDocumentation': False, 'hasPbDocumentation': False, 'hasEmissionDocumentation': False, 'hasMhibetaDocumentation': False, 'hasSdbDocumentation': False, 'hasOtherDocumentation': False, 'hasCirculatedMaterials': True, 'hasReusability': False, 'hasReusabilityPercentage': False, 'hasRecyclability': False, 'hasRecyclabilityPercentage': False, 'hasCircularityBusinessModels': False, 'hasRenewableMaterials': True, 'hasBoverketEnvironmentalEffects': False, 'hasSwedishWoodArticle': False, 'hasEmissionsAndTestsVoc': True, 'hasEmissionsAndTestsFormaldehyde': True, 'hasEmissionsAndTestsCarcinogenic': True, 'hasEmissionsAndTestsLeaching': False}",2026-08-19T07:43:14.783,AS-33,probe-20260917-as33bastaprobe-3,2026-09-17,c3a051eb0beebd5494f14dce1c01dd9a9e02c63ac8d086a90916d32b347b4665,42,71
713632,Träskruv ASSY 4.0,0165301216,SCR-COMBI-WO-VG-AW40-(A3K)-12X,Träskruv blankförzinkad med assymetrisk gäng,Würth,4058794173246,,,,1,ALFA,[1],['ALFA'],,https://www.bastaonline.se/?aid=713632,"{'id': 142, 'name': 'Würth Svenska AB', 'url': None}","{'code': '05102', 'name': 'Träskruv invändig'}","{'code': 'ZSE', 'name': 'FÄSTDON', 'aggregationName': None}","{'hasSubstancesCoveredByInformationRequirements': False, 'hasInformation': True, 'hasHealthAndEnvironmentalHazards': True, 'hasCircularity': True, 'hasRenewability': True, 'hasEnvironmentalEffects': False, 'hasEmissionsAndTests': False, 'hasArticleDocumentation': False, 'hasEpdDocumentation': False, 'hasBvdDocumentation': False, 'hasPbDocumentation': False, 'hasEmissionDocumentation': False, 'hasMhibetaDocumentation': False, 'hasSdbDocumentation': False, 'hasOtherDocumentation': False, 'hasCirculatedMaterials': False, 'hasReusability': False, 'hasReusabilityPercentage': False, 'hasRecyclability': False, 'hasRecyclabilityPercentage': False, 'hasCircularityBusinessModels': False, 'hasRenewableMaterials': False, 'hasBoverketEnvironmentalEffects': False, 'hasSwedishWoodArticle': False, 'hasEmissionsAndTestsVoc': False, 'hasEmissionsAndTestsFormaldehyde': False, 'hasEmissionsAndTestsCarcinogenic': False, 'hasEmissionsAndTestsLeaching': False}",2024-10-03T07:46:30.81,AS-33,probe-20260917-as33bastaprobe-3,2026-09-17,c3a051eb0beebd5494f14dce1c01dd9a9e02c63ac8d086a90916d32b347b4665,42,72
577679,BETONGSKRUV HEX C3 6X120 75,9054551,DJUP 40/HEX10/BORR 6/MAX 15NM,,,7319610041659,,,,1,ALFA,[1],['ALFA'],,https://www.bastaonline.se/?aid=577679,"{'id': 1018, 'name': 'Ejot Sverige AB', 'url': None}","{'code': '05103', 'name': 'Byggskruv trä/betong'}","{'code': '001', 'name': 'FÖRBRUKNINGSVARA', 'aggregationName': None}","{'hasSubstancesCoveredByInformationRequirements': False, 'hasInformation': True, 'hasHealthAndEnvironmentalHazards': True, 'hasCircularity': False, 'hasRenewability': False, 'hasEnvironmentalEffects': False, 'hasEmissionsAndTests': False, 'hasArticleDocumentation': False, 'hasEpdDocumentation': False, 'hasBvdDocumentation': False, 'hasPbDocumentation': False, 'hasEmissionDocumentation': False, 'hasMhibetaDocumentation': False, 'hasSdbDocumentation': False, 'hasOtherDocumentation': False, 'hasCirculatedMaterials': False, 'hasReusability': False, 'hasReusabilityPercentage': False, 'hasRecyclability': False, 'hasRecyclabilityPercentage': False, 'hasCircularityBusinessModels': False, 'hasRenewableMaterials': False, 'hasBoverketEnvironmentalEffects': False, 'hasSwedishWoodArticle': False, 'hasEmissionsAndTestsVoc': False, 'hasEmissionsAndTestsFormaldehyde': False, 'hasEmissionsAndTestsCarcinogenic': False, 'hasEmissionsAndTestsLeaching': False}",2019-08-22T10:58:19.187,AS-33,probe-20260917-as33bastaprobe-3,2026-09-17,c3a051eb0beebd5494f14dce1c01dd9a9e02c63ac8d086a90916d32b347b4665,42,73
572578,TRÄSKRUV IMPREG+,67881,"TRÄSKRUV IMPREG+SB FÖRSÄNKT 6,0X100MM 5ST, PÅS",,Gunnebo Fastening,07318470215705,,,,1,ALFA,[1],['ALFA'],,https://www.bastaonline.se/?aid=572578,"{'id': 85, 'name': 'Simpson Strong-Tie AB', 'url': None}","{'code': '05102', 'name': 'Träskruv invändig'}","{'code': 'ZSE', 'name': 'FÄSTDON', 'aggregationName': None}","{'hasSubstancesCoveredByInformationRequirements': False, 'hasInformation': True, 'hasHealthAndEnvironmentalHazards': True, 'hasCircularity': True, 'hasRenewability': True, 'hasEnvironmentalEffects': False, 'hasEmissionsAndTests': False, 'hasArticleDocumentation': True, 'hasEpdDocumentation': False, 'hasBvdDocumentation': False, 'hasPbDocumentation': False, 'hasEmissionDocumentation': False, 'hasMhibetaDocumentation': False, 'hasSdbDocumentation': False, 'hasOtherDocumentation': False, 'hasCirculatedMaterials': False, 'hasReusability': False, 'hasReusabilityPercentage': False, 'hasRecyclability': False, 'hasRecyclabilityPercentage': False, 'hasCircularityBusinessModels': False, 'hasRenewableMaterials': False, 'hasBoverketEnvironmentalEffects': False, 'hasSwedishWoodArticle': False, 'hasEmissionsAndTestsVoc': False, 'hasEmissionsAndTestsFormaldehyde': False, 'hasEmissionsAndTestsCarcinogenic': False, 'hasEmissionsAndTestsLeaching': False}",2024-01-04T16:09:20.187,AS-33,probe-20260917-as33bastaprobe-3,2026-09-17,c3a051eb0beebd5494f14dce1c01dd9a9e02c63ac8d086a90916d32b347b4665,42,74
556982,VÅTRUMSVÄGG 26551B TERMALIFE B,201213,ÅRD UNI SMOKE,,,7332729101618,,,,1,ALFA,[1],['ALFA'],,https://www.bastaonline.se/?aid=556982,"{'id': 328, 'name': 'Forbo Flooring AB', 'url': None}","{'code': '03104', 'name': 'Plastgolv'}","{'code': 'M', 'name': 'SKIKT AV BELÄGGNINGS- OCH BEKLÄDNADSVAROR I HUS', 'aggregationName': None}","{'hasSubstancesCoveredByInformationRequirements': False, 'hasInformation': True, 'hasHealthAndEnvironmentalHazards': True, 'hasCircularity': False, 'hasRenewability': False, 'hasEnvironmentalEffects': False, 'hasEmissionsAndTests': False, 'hasArticleDocumentation': False, 'hasEpdDocumentation': False, 'hasBvdDocumentation': False, 'hasPbDocumentation': False, 'hasEmissionDocumentation': False, 'hasMhibetaDocumentation': False, 'hasSdbDocumentation': False, 'hasOtherDocumentation': False, 'hasCirculatedMaterials': False, 'hasReusability': False, 'hasReusabilityPercentage': False, 'hasRecyclability': False, 'hasRecyclabilityPercentage': False, 'hasCircularityBusinessModels': False, 'hasRenewableMaterials': False, 'hasBoverketEnvironmentalEffects': False, 'hasSwedishWoodArticle': False, 'hasEmissionsAndTestsVoc': False, 'hasEmissionsAndTestsFormaldehyde': False, 'hasEmissionsAndTestsCarcinogenic': False, 'hasEmissionsAndTestsLeaching': False}",2020-12-02T09:33:09.64,AS-33,probe-20260917-as33bastaprobe-3,2026-09-17,c3a051eb0beebd5494f14dce1c01dd9a9e02c63ac8d086a90916d32b347b4665,42,75
579559,"BLINDNIT TREBOL 4X18,8",150073,,,,7319611500735,,,,1,ALFA,[1],['ALFA'],,https://www.bastaonline.se/?aid=579559,"{'id': 1018, 'name': 'Ejot Sverige AB', 'url': None}","{'code': '05301', 'name': 'Nit, blindnit och blindnitsmutter'}","{'code': '001', 'name': 'FÖRBRUKNINGSVARA', 'aggregationName': None}","{'hasSubstancesCoveredByInformationRequirements': False, 'hasInformation': True, 'hasHealthAndEnvironmentalHazards': True, 'hasCircularity': False, 'hasRenewability': False, 'hasEnvironmentalEffects': False, 'hasEmissionsAndTests': False, 'hasArticleDocumentation': False, 'hasEpdDocumentation': False, 'hasBvdDocumentation': False, 'hasPbDocumentation': False, 'hasEmissionDocumentation': False, 'hasMhibetaDocumentation': False, 'hasSdbDocumentation': False, 'hasOtherDocumentation': False, 'hasCirculatedMaterials': False, 'hasReusability': False, 'hasReusabilityPercentage': False, 'hasRecyclability': False, 'hasRecyclabilityPercentage': False, 'hasCircularityBusinessModels': False, 'hasRenewableMaterials': False, 'hasBoverketEnvironmentalEffects': False, 'hasSwedishWoodArticle': False, 'hasEmissionsAndTestsVoc': False, 'hasEmissionsAndTestsFormaldehyde': False, 'hasEmissionsAndTestsCarcinogenic': False, 'hasEmissionsAndTestsLeaching': False}",2019-08-22T10:58:19.187,AS-33,probe-20260917-as33bastaprobe-3,2026-09-17,c3a051eb0beebd5494f14dce1c01dd9a9e02c63ac8d086a90916d32b347b4665,42,76
576691,MARKER BAND,70008052,"MBN 50/0,1MM GULT 250 M",,,9010459234766,,0668025,,1,ALFA,[1],['ALFA'],,https://www.bastaonline.se/?aid=576691,"{'id': 228, 'name': 'Pipelife Sverige AB', 'url': None}","{'code': '20299', 'name': 'Mark övrigt'}","{'code': 'PB', 'name': 'RÖRLEDNINGAR I ANLÄGGNING', 'aggregationName': None}","{'hasSubstancesCoveredByInformationRequirements': False, 'hasInformation': True, 'hasHealthAndEnvironmentalHazards': True, 'hasCircularity': False, 'hasRenewability': False, 'hasEnvironmentalEffects': False, 'hasEmissionsAndTests': False, 'hasArticleDocumentation': False, 'hasEpdDocumentation': False, 'hasBvdDocumentation': False, 'hasPbDocumentation': False, 'hasEmissionDocumentation': False, 'hasMhibetaDocumentation': False, 'hasSdbDocumentation': False, 'hasOtherDocumentation': False, 'hasCirculatedMaterials': False, 'hasReusability': False, 'hasReusabilityPercentage': False, 'hasRecyclability': False, 'hasRecyclabilityPercentage': False, 'hasCircularityBusinessModels': False, 'hasRenewableMaterials': False, 'hasBoverketEnvironmentalEffects': False, 'hasSwedishWoodArticle': False, 'hasEmissionsAndTestsVoc': False, 'hasEmissionsAndTestsFormaldehyde': False, 'hasEmissionsAndTestsCarcinogenic': False, 'hasEmissionsAndTestsLeaching': False}",2023-10-26T13:27:14.847,AS-33,probe-20260917-as33bastaprobe-3,2026-09-17,c3a051eb0beebd5494f14dce1c01dd9a9e02c63ac8d086a90916d32b347b4665,42,77
615813,DR,835250,"Spjäll med vridbart avklippt blad, utan safe ",,Spjäll och mätdon,7319661662865,,,,1,ALFA,[1],['ALFA'],,https://www.bastaonline.se/?aid=615813,"{'id': 242, 'name': 'Lindab AB', 'url': None}","{'code': '21001', 'name': 'Ventiler'}","{'code': 'QJ', 'name': 'SPJÄLL, FLÖDESDON OCH BLANDNINGSDON', 'aggregationName': None}","{'hasSubstancesCoveredByInformationRequirements': False, 'hasInformation': True, 'hasHealthAndEnvironmentalHazards': True, 'hasCircularity': True, 'hasRenewability': True, 'hasEnvironmentalEffects': False, 'hasEmissionsAndTests': False, 'hasArticleDocumentation': False, 'hasEpdDocumentation': False, 'hasBvdDocumentation': False, 'hasPbDocumentation': False, 'hasEmissionDocumentation': False, 'hasMhibetaDocumentation': False, 'hasSdbDocumentation': False, 'hasOtherDocumentation': False, 'hasCirculatedMaterials': False, 'hasReusability': False, 'hasReusabilityPercentage': False, 'hasRecyclability': False, 'hasRecyclabilityPercentage': False, 'hasCircularityBusinessModels': False, 'hasRenewableMaterials': False, 'hasBoverketEnvironmentalEffects': False, 'hasSwedishWoodArticle': False, 'hasEmissionsAndTestsVoc': False, 'hasEmissionsAndTestsFormaldehyde': False, 'hasEmissionsAndTestsCarcinogenic': False, 'hasEmissionsAndTestsLeaching': False}",2024-09-12T09:07:39.743,AS-33,probe-20260917-as33bastaprobe-3,2026-09-17,c3a051eb0beebd5494f14dce1c01dd9a9e02c63ac8d086a90916d32b347b4665,42,78
424364,Eurofox Konsol MFT-MF,2029640,"090 M 6,5 S",,Hilti,,,,,1,ALFA,[1],['ALFA'],,https://www.bastaonline.se/?aid=424364,"{'id': 86, 'name': 'Hilti Svenska AB', 'url': None}","{'code': '01699', 'name': 'Tak- och väggbeklädnad övrigt'}","{'code': 'J', 'name': 'SKIKT AV BYGGPAPP, TÄTSKIKTSMATTA, ASFALT, DUK, PLASTFILM, PLAN PLÅT, ÖVERLÄGGSPLATTOR E D', 'aggregationName': None}","{'hasSubstancesCoveredByInformationRequirements': False, 'hasInformation': True, 'hasHealthAndEnvironmentalHazards': True, 'hasCircularity': False, 'hasRenewability': False, 'hasEnvironmentalEffects': False, 'hasEmissionsAndTests': False, 'hasArticleDocumentation': False, 'hasEpdDocumentation': False, 'hasBvdDocumentation': False, 'hasPbDocumentation': False, 'hasEmissionDocumentation': False, 'hasMhibetaDocumentation': False, 'hasSdbDocumentation': False, 'hasOtherDocumentation': False, 'hasCirculatedMaterials': False, 'hasReusability': False, 'hasReusabilityPercentage': False, 'hasRecyclability': False, 'hasRecyclabilityPercentage': False, 'hasCircularityBusinessModels': False, 'hasRenewableMaterials': False, 'hasBoverketEnvironmentalEffects': False, 'hasSwedishWoodArticle': False, 'hasEmissionsAndTestsVoc': False, 'hasEmissionsAndTestsFormaldehyde': False, 'hasEmissionsAndTestsCarcinogenic': False, 'hasEmissionsAndTestsLeaching': False}",2014-07-11T12:04:26.037,AS-33,probe-20260917-as33bastaprobe-3,2026-09-17,c3a051eb0beebd5494f14dce1c01dd9a9e02c63ac8d086a90916d32b347b4665,42,79
265113,Trä/alu Sidohängt Ut 3-gl,70132001160850,Sidohängt fönster i aluminiumbeklätt trä utåtgående 3-glas (Rak profil),fönster F2 16-08,Svenska Fönster,,,,C-SE556064842901-10,1,ALFA,[1],['ALFA'],,https://www.bastaonline.se/?aid=265113,"{'id': 325, 'name': 'Svenska Fönster AB', 'url': None}","{'code': '04103', 'name': 'Utåtgående fönster trä/aluminium'}","{'code': 'NSC.1', 'name': 'Fönster, fönsterdörrar, fönsterpartier, väggpartier o d', 'aggregationName': None}","{'hasSubstancesCoveredByInformationRequirements': False, 'hasInformation': True, 'hasHealthAndEnvironmentalHazards': True, 'hasCircularity': True, 'hasRenewability': False, 'hasEnvironmentalEffects': False, 'hasEmissionsAndTests': False, 'hasArticleDocumentation': True, 'hasEpdDocumentation': False, 'hasBvdDocumentation': False, 'hasPbDocumentation': False, 'hasEmissionDocumentation': False, 'hasMhibetaDocumentation': False, 'hasSdbDocumentation': False, 'hasOtherDocumentation': False, 'hasCirculatedMaterials': False, 'hasReusability': False, 'hasReusabilityPercentage': False, 'hasRecyclability': False, 'hasRecyclabilityPercentage': False, 'hasCircularityBusinessModels': False, 'hasRenewableMaterials': False, 'hasBoverketEnvironmentalEffects': False, 'hasSwedishWoodArticle': False, 'hasEmissionsAndTestsVoc': False, 'hasEmissionsAndTestsFormaldehyde': False, 'hasEmissionsAndTestsCarcinogenic': False, 'hasEmissionsAndTestsLeaching': False}",2026-06-04T03:36:49.967,AS-33,probe-20260917-as33bastaprobe-3,2026-09-17,c3a051eb0beebd5494f14dce1c01dd9a9e02c63ac8d086a90916d32b347b4665,42,80
657069,Träskruv Powerfast II TKT EFZ,670238,"4,0 x 35mm Helgängad TX20",Träskruv med kullrigt huvud och TX. Elförzinkat kolstål.,FISCHER,4048962370966,,,C-SE556718177001-11,1,ALFA,[1],['ALFA'],,https://www.bastaonline.se/?aid=657069,"{'id': 437, 'name': 'fischer Sverige AB', 'url': None}","{'code': '05102', 'name': 'Träskruv invändig'}","{'code': 'ZS', 'name': 'DIVERSE TÄTNINGAR, KOMPLETTERINGAR, INFÄSTNINGAR O D I HUS', 'aggregationName': None}","{'hasSubstancesCoveredByInformationRequirements': False, 'hasInformation': True, 'hasHealthAndEnvironmentalHazards': True, 'hasCircularity': False, 'hasRenewability': False, 'hasEnvironmentalEffects': False, 'hasEmissionsAndTests': False, 'hasArticleDocumentation': True, 'hasEpdDocumentation': False, 'hasBvdDocumentation': False, 'hasPbDocumentation': False, 'hasEmissionDocumentation': False, 'hasMhibetaDocumentation': False, 'hasSdbDocumentation': False, 'hasOtherDocumentation': False, 'hasCirculatedMaterials': False, 'hasReusability': False, 'hasReusabilityPercentage': False, 'hasRecyclability': False, 'hasRecyclabilityPercentage': False, 'hasCircularityBusinessModels': False, 'hasRenewableMaterials': False, 'hasBoverketEnvironmentalEffects': False, 'hasSwedishWoodArticle': False, 'hasEmissionsAndTestsVoc': False, 'hasEmissionsAndTestsFormaldehyde': False, 'hasEmissionsAndTestsCarcinogenic': False, 'hasEmissionsAndTestsLeaching': False}",2023-04-05T13:10:28.97,AS-33,probe-20260917-as33bastaprobe-3,2026-09-17,c3a051eb0beebd5494f14dce1c01dd9a9e02c63ac8d086a90916d32b347b4665,42,81
616945,ESHUI,103527,"Renslucka med handtag, isolerad.",,ISOL - kanalsystem,7319661035270,,,A-7300009-00795-0-59,1,ALFA,[1],['ALFA'],,https://www.bastaonline.se/?aid=616945,"{'id': 242, 'name': 'Lindab AB', 'url': None}","{'code': '21002', 'name': 'Kanalsystem'}","{'code': 'QLE', 'name': 'LUCKOR I VENTILATIONSKANAL FÖR RENSNING OCH INSPEKTION', 'aggregationName': None}","{'hasSubstancesCoveredByInformationRequirements': False, 'hasInformation': True, 'hasHealthAndEnvironmentalHazards': True, 'hasCircularity': True, 'hasRenewability': True, 'hasEnvironmentalEffects': False, 'hasEmissionsAndTests': False, 'hasArticleDocumentation': False, 'hasEpdDocumentation': False, 'hasBvdDocumentation': False, 'hasPbDocumentation': False, 'hasEmissionDocumentation': False, 'hasMhibetaDocumentation': False, 'hasSdbDocumentation': False, 'hasOtherDocumentation': False, 'hasCirculatedMaterials': False, 'hasReusability': False, 'hasReusabilityPercentage': False, 'hasRecyclability': False, 'hasRecyclabilityPercentage': False, 'hasCircularityBusinessModels': False, 'hasRenewableMaterials': False, 'hasBoverketEnvironmentalEffects': False, 'hasSwedishWoodArticle': False, 'hasEmissionsAndTestsVoc': False, 'hasEmissionsAndTestsFormaldehyde': False, 'hasEmissionsAndTestsCarcinogenic': False, 'hasEmissionsAndTestsLeaching': False}",2024-09-12T09:12:38.173,AS-33,probe-20260917-as33bastaprobe-3,2026-09-17,c3a051eb0beebd5494f14dce1c01dd9a9e02c63ac8d086a90916d32b347b4665,42,82
700807,Signature Acoustic Stucco Mist,AQ0AUC93CE.PP0BU," 3,5mm Thick, 1mm Wear Layer, 1mm Acoustic Foam Backing, (304.8mm x 304.8mm)",,Amtico Signature Acoustic,05023510156000,,,B-500254768-4,1,ALFA,[1],['ALFA'],,https://www.bastaonline.se/?aid=700807,"{'id': 279, 'name': 'Amtico International AB', 'url': None}","{'code': '03104', 'name': 'Plastgolv'}","{'code': 'MFK.1', 'name': 'Beläggningar av matta eller plattor av plast utan krav på vattentäthet', 'aggregationName': None}","{'hasSubstancesCoveredByInformationRequirements': False, 'hasInformation': True, 'hasHealthAndEnvironmentalHazards': True, 'hasCircularity': True, 'hasRenewability': True, 'hasEnvironmentalEffects': True, 'hasEmissionsAndTests': True, 'hasArticleDocumentation': False, 'hasEpdDocumentation': False, 'hasBvdDocumentation': False, 'hasPbDocumentation': False, 'hasEmissionDocumentation': False, 'hasMhibetaDocumentation': False, 'hasSdbDocumentation': False, 'hasOtherDocumentation': False, 'hasCirculatedMaterials': True, 'hasReusability': False, 'hasReusabilityPercentage': False, 'hasRecyclability': False, 'hasRecyclabilityPercentage': False, 'hasCircularityBusinessModels': False, 'hasRenewableMaterials': True, 'hasBoverketEnvironmentalEffects': False, 'hasSwedishWoodArticle': False, 'hasEmissionsAndTestsVoc': True, 'hasEmissionsAndTestsFormaldehyde': True, 'hasEmissionsAndTestsCarcinogenic': True, 'hasEmissionsAndTestsLeaching': False}",2026-08-19T07:52:18.01,AS-33,probe-20260917-as33bastaprobe-3,2026-09-17,c3a051eb0beebd5494f14dce1c01dd9a9e02c63ac8d086a90916d32b347b4665,42,83
602396,ENTRÉGOLV 5709 CORAL BRUSH 105,181658,CM INCL. EDGE,,,8710947231949,,,,1,ALFA,[1],['ALFA'],,https://www.bastaonline.se/?aid=602396,"{'id': 328, 'name': 'Forbo Flooring AB', 'url': None}","{'code': '03109', 'name': 'Entrémattor'}","{'code': 'M', 'name': 'SKIKT AV BELÄGGNINGS- OCH BEKLÄDNADSVAROR I HUS', 'aggregationName': None}","{'hasSubstancesCoveredByInformationRequirements': False, 'hasInformation': True, 'hasHealthAndEnvironmentalHazards': True, 'hasCircularity': False, 'hasRenewability': False, 'hasEnvironmentalEffects': False, 'hasEmissionsAndTests': False, 'hasArticleDocumentation': False, 'hasEpdDocumentation': False, 'hasBvdDocumentation': False, 'hasPbDocumentation': False, 'hasEmissionDocumentation': False, 'hasMhibetaDocumentation': False, 'hasSdbDocumentation': False, 'hasOtherDocumentation': False, 'hasCirculatedMaterials': False, 'hasReusability': False, 'hasReusabilityPercentage': False, 'hasRecyclability': False, 'hasRecyclabilityPercentage': False, 'hasCircularityBusinessModels': False, 'hasRenewableMaterials': False, 'hasBoverketEnvironmentalEffects': False, 'hasSwedishWoodArticle': False, 'hasEmissionsAndTestsVoc': False, 'hasEmissionsAndTestsFormaldehyde': False, 'hasEmissionsAndTestsCarcinogenic': False, 'hasEmissionsAndTestsLeaching': False}",2020-12-01T19:49:18.683,AS-33,probe-20260917-as33bastaprobe-3,2026-09-17,c3a051eb0beebd5494f14dce1c01dd9a9e02c63ac8d086a90916d32b347b4665,42,84
593346,"Z RSE 4,5 4,3/0,6 108/48 Rotlack",3RS02-61,Avtrappad Stolpe,,AB Varmförzinkning,,,,,1,ALFA,[1],['ALFA'],,https://www.bastaonline.se/?aid=593346,"{'id': 700, 'name': 'AB Varmförzinkning', 'url': None}","{'code': '18202', 'name': 'Utomhusbelysning'}","{'code': 'SBC.21', 'name': 'Stolpar och master för vägbelysning e d', 'aggregationName': None}","{'hasSubstancesCoveredByInformationRequirements': False, 'hasInformation': True, 'hasHealthAndEnvironmentalHazards': True, 'hasCircularity': True, 'hasRenewability': True, 'hasEnvironmentalEffects': False, 'hasEmissionsAndTests': False, 'hasArticleDocumentation': False, 'hasEpdDocumentation': False, 'hasBvdDocumentation': False, 'hasPbDocumentation': False, 'hasEmissionDocumentation': False, 'hasMhibetaDocumentation': False, 'hasSdbDocumentation': False, 'hasOtherDocumentation': False, 'hasCirculatedMaterials': False, 'hasReusability': False, 'hasReusabilityPercentage': False, 'hasRecyclability': False, 'hasRecyclabilityPercentage': False, 'hasCircularityBusinessModels': False, 'hasRenewableMaterials': False, 'hasBoverketEnvironmentalEffects': False, 'hasSwedishWoodArticle': False, 'hasEmissionsAndTestsVoc': False, 'hasEmissionsAndTestsFormaldehyde': False, 'hasEmissionsAndTestsCarcinogenic': False, 'hasEmissionsAndTestsLeaching': False}",2025-11-20T14:54:35.333,AS-33,probe-20260917-as33bastaprobe-3,2026-09-17,c3a051eb0beebd5494f14dce1c01dd9a9e02c63ac8d086a90916d32b347b4665,42,85
605431,Basic grå (Utgått),8047,30x30,,Konradssons Kakel,07340137319662,,,,1,ALFA,[1],['ALFA'],,https://www.bastaonline.se/?aid=605431,"{'id': 627, 'name': 'Konradssons Kakel AB', 'url': None}","{'code': '03001', 'name': 'Kakel'}","{'code': 'MBE.1', 'name': 'Beläggningar av keramiska plattor', 'aggregationName': None}","{'hasSubstancesCoveredByInformationRequirements': False, 'hasInformation': True, 'hasHealthAndEnvironmentalHazards': True, 'hasCircularity': True, 'hasRenewability': True, 'hasEnvironmentalEffects': False, 'hasEmissionsAndTests': False, 'hasArticleDocumentation': False, 'hasEpdDocumentation': False, 'hasBvdDocumentation': False, 'hasPbDocumentation': False, 'hasEmissionDocumentation': False, 'hasMhibetaDocumentation': False, 'hasSdbDocumentation': False, 'hasOtherDocumentation': False, 'hasCirculatedMaterials': False, 'hasReusability': False, 'hasReusabilityPercentage': False, 'hasRecyclability': False, 'hasRecyclabilityPercentage': False, 'hasCircularityBusinessModels': False, 'hasRenewableMaterials': False, 'hasBoverketEnvironmentalEffects': False, 'hasSwedishWoodArticle': False, 'hasEmissionsAndTestsVoc': False, 'hasEmissionsAndTestsFormaldehyde': False, 'hasEmissionsAndTestsCarcinogenic': False, 'hasEmissionsAndTestsLeaching': False}",2024-11-13T08:45:36.843,AS-33,probe-20260917-as33bastaprobe-3,2026-09-17,c3a051eb0beebd5494f14dce1c01dd9a9e02c63ac8d086a90916d32b347b4665,42,86
749510,"Moelven Bas, 22mm",769159,Gran 22x145x3600 Ytterpanel Bas,"Moelven Bas är en obehandlat ytterpanel där allt eventuellt målningsarbete måste göras på egen hand. En ytterpanel skall alltid vara minst grundmålad innan montering. Ytterpanelen har en finsågad yta, rillade kanter och fasade hörn för bästa fäste för färgen. Ska fasaden målas rekommenderar vi istället Moelvens ytterpanel Bekväm (grundmålad) eller Proffs (mellanstruken) som bland annat ger ett bättre skydd under byggtiden.",Moelven,7040437691597,,,C-SE556201978501-18,1,ALFA,[1],['ALFA'],,https://www.bastaonline.se/?aid=749510,"{'id': 539, 'name': 'Moelven Wood AB', 'url': None}","{'code': '02201', 'name': 'Ytterpanelbräder'}","{'code': 'HSD.16', 'name': 'Synlig vägg- och takpanel samt lister utomhus', 'aggregationName': None}","{'hasSubstancesCoveredByInformationRequirements': False, 'hasInformation': True, 'hasHealthAndEnvironmentalHazards': True, 'hasCircularity': True, 'hasRenewability': True, 'hasEnvironmentalEffects': True, 'hasEmissionsAndTests': True, 'hasArticleDocumentation': True, 'hasEpdDocumentation': False, 'hasBvdDocumentation': False, 'hasPbDocumentation': False, 'hasEmissionDocumentation': False, 'hasMhibetaDocumentation': False, 'hasSdbDocumentation': False, 'hasOtherDocumentation': False, 'hasCirculatedMaterials': False, 'hasReusability': True, 'hasReusabilityPercentage': False, 'hasRecyclability': True, 'hasRecyclabilityPercentage': False, 'hasCircularityBusinessModels': True, 'hasRenewableMaterials': True, 'hasBoverketEnvironmentalEffects': False, 'hasSwedishWoodArticle': True, 'hasEmissionsAndTestsVoc': True, 'hasEmissionsAndTestsFormaldehyde': True, 'hasEmissionsAndTestsCarcinogenic': True, 'hasEmissionsAndTestsLeaching': False}",2026-04-07T14:12:56.153,AS-33,probe-20260917-as33bastaprobe-3,2026-09-17,c3a051eb0beebd5494f14dce1c01dd9a9e02c63ac8d086a90916d32b347b4665,42,87
750465,21 mm rundstav Ek,10007502102100,21 x 21 mm,Ek,Wibergs,,,,,1,ALFA,[1],['ALFA'],,https://www.bastaonline.se/?aid=750465,"{'id': 702, 'name': 'Henry Wiberg AB', 'url': None}","{'code': '02007', 'name': 'Läkt'}","{'code': 'M', 'name': 'SKIKT AV BELÄGGNINGS- OCH BEKLÄDNADSVAROR I HUS', 'aggregationName': None}","{'hasSubstancesCoveredByInformationRequirements': False, 'hasInformation': True, 'hasHealthAndEnvironmentalHazards': True, 'hasCircularity': True, 'hasRenewability': False, 'hasEnvironmentalEffects': False, 'hasEmissionsAndTests': False, 'hasArticleDocumentation': False, 'hasEpdDocumentation': False, 'hasBvdDocumentation': False, 'hasPbDocumentation': False, 'hasEmissionDocumentation': False, 'hasMhibetaDocumentation': False, 'hasSdbDocumentation': False, 'hasOtherDocumentation': False, 'hasCirculatedMaterials': False, 'hasReusability': False, 'hasReusabilityPercentage': False, 'hasRecyclability': True, 'hasRecyclabilityPercentage': False, 'hasCircularityBusinessModels': False, 'hasRenewableMaterials': False, 'hasBoverketEnvironmentalEffects': False, 'hasSwedishWoodArticle': False, 'hasEmissionsAndTestsVoc': False, 'hasEmissionsAndTestsFormaldehyde': False, 'hasEmissionsAndTestsCarcinogenic': False, 'hasEmissionsAndTestsLeaching': False}",2026-04-22T08:05:04.427,AS-33,probe-20260917-as33bastaprobe-3,2026-09-17,c3a051eb0beebd5494f14dce1c01dd9a9e02c63ac8d086a90916d32b347b4665,42,88
696688,Signature Diffusion Lux,AR0ADF38CP.UP0BU,"2,5mm Thick, 1mm Wear Layer, (914.4mmx 914.4mm)",,Amtico Signature,05023510177876,,,C-SE556598527101-4,1,ALFA,[1],['ALFA'],,https://www.bastaonline.se/?aid=696688,"{'id': 279, 'name': 'Amtico International AB', 'url': None}","{'code': '03104', 'name': 'Plastgolv'}","{'code': 'MFK.1', 'name': 'Beläggningar av matta eller plattor av plast utan krav på vattentäthet', 'aggregationName': None}","{'hasSubstancesCoveredByInformationRequirements': False, 'hasInformation': True, 'hasHealthAndEnvironmentalHazards': True, 'hasCircularity': True, 'hasRenewability': True, 'hasEnvironmentalEffects': True, 'hasEmissionsAndTests': True, 'hasArticleDocumentation': True, 'hasEpdDocumentation': False, 'hasBvdDocumentation': False, 'hasPbDocumentation': False, 'hasEmissionDocumentation': False, 'hasMhibetaDocumentation': False, 'hasSdbDocumentation': False, 'hasOtherDocumentation': False, 'hasCirculatedMaterials': True, 'hasReusability': False, 'hasReusabilityPercentage': False, 'hasRecyclability': False, 'hasRecyclabilityPercentage': False, 'hasCircularityBusinessModels': False, 'hasRenewableMaterials': True, 'hasBoverketEnvironmentalEffects': False, 'hasSwedishWoodArticle': False, 'hasEmissionsAndTestsVoc': True, 'hasEmissionsAndTestsFormaldehyde': True, 'hasEmissionsAndTestsCarcinogenic': True, 'hasEmissionsAndTestsLeaching': False}",2026-08-19T07:42:32.677,AS-33,probe-20260917-as33bastaprobe-3,2026-09-17,c3a051eb0beebd5494f14dce1c01dd9a9e02c63ac8d086a90916d32b347b4665,42,89
663950,Bemix 310 High Tech FF,1100520,"25kg, tixotropt torrbruk av typ expanderbruk ","Bemix High Tech 310 FF är lätt att applicera för hand eller med anpassad pumputrustning. Härdar i minusgrader ner till -10 °C. Används till fogning av exempelvis betongelement och natursten där en tät fog med hög hållfasthet efterfrågas. Också lämplig för mindre fyllningar där form inte kan användas, är kulöranpassad till konstruktioner gjutna av anläggningscement.",Bemix,7331933706657,,,B-345366387-40,1,ALFA,[1],['ALFA'],,https://www.bastaonline.se/?aid=663950,"{'id': 2510, 'name': 'Finja Bemix AB', 'url': None}","{'code': '01005', 'name': 'Torrbruk mura/putsa'}","{'code': '000', 'name': 'KEMISK PRODUKT', 'aggregationName': None}","{'hasSubstancesCoveredByInformationRequirements': False, 'hasInformation': True, 'hasHealthAndEnvironmentalHazards': True, 'hasCircularity': False, 'hasRenewability': True, 'hasEnvironmentalEffects': False, 'hasEmissionsAndTests': False, 'hasArticleDocumentation': True, 'hasEpdDocumentation': False, 'hasBvdDocumentation': False, 'hasPbDocumentation': False, 'hasEmissionDocumentation': False, 'hasMhibetaDocumentation': False, 'hasSdbDocumentation': False, 'hasOtherDocumentation': False, 'hasCirculatedMaterials': False, 'hasReusability': False, 'hasReusabilityPercentage': False, 'hasRecyclability': False, 'hasRecyclabilityPercentage': False, 'hasCircularityBusinessModels': False, 'hasRenewableMaterials': False, 'hasBoverketEnvironmentalEffects': False, 'hasSwedishWoodArticle': False, 'hasEmissionsAndTestsVoc': False, 'hasEmissionsAndTestsFormaldehyde': False, 'hasEmissionsAndTestsCarcinogenic': False, 'hasEmissionsAndTestsLeaching': False}",2021-11-08T11:02:51.847,AS-33,probe-20260917-as33bastaprobe-3,2026-09-17,c3a051eb0beebd5494f14dce1c01dd9a9e02c63ac8d086a90916d32b347b4665,42,90
712939,STAKETLÄKT G4-2 IMPREGNERAD,99245,NTR AB 28X45X4500 MM,,SÖDRA,7322660034922,,,C-SE729500378901-10,1,ALFA,[1],['ALFA'],,https://www.bastaonline.se/?aid=712939,"{'id': 875, 'name': 'Södra Skogsägarna ekonomiska förening', 'url': None}","{'code': '02303', 'name': 'Impregnerat träskyddsklass NTR/AB'}","{'code': 'HSD', 'name': 'KONSTRUKTIONER AV LÄNGDFORMVAROR AV TRÄ I HUS', 'aggregationName': None}","{'hasSubstancesCoveredByInformationRequirements': False, 'hasInformation': True, 'hasHealthAndEnvironmentalHazards': True, 'hasCircularity': True, 'hasRenewability': True, 'hasEnvironmentalEffects': True, 'hasEmissionsAndTests': False, 'hasArticleDocumentation': False, 'hasEpdDocumentation': False, 'hasBvdDocumentation': False, 'hasPbDocumentation': False, 'hasEmissionDocumentation': False, 'hasMhibetaDocumentation': False, 'hasSdbDocumentation': False, 'hasOtherDocumentation': False, 'hasCirculatedMaterials': False, 'hasReusability': False, 'hasReusabilityPercentage': False, 'hasRecyclability': False, 'hasRecyclabilityPercentage': False, 'hasCircularityBusinessModels': False, 'hasRenewableMaterials': True, 'hasBoverketEnvironmentalEffects': False, 'hasSwedishWoodArticle': True, 'hasEmissionsAndTestsVoc': False, 'hasEmissionsAndTestsFormaldehyde': False, 'hasEmissionsAndTestsCarcinogenic': False, 'hasEmissionsAndTestsLeaching': False}",2026-05-06T10:48:32.57,AS-33,probe-20260917-as33bastaprobe-3,2026-09-17,c3a051eb0beebd5494f14dce1c01dd9a9e02c63ac8d086a90916d32b347b4665,42,91
485989,GLASMOSAIK BISAZZA GEMME GM,7813,20.97 BRUN.2X2CM,,Konradssons Kakel,07340137308413,,,,1,ALFA,[1],['ALFA'],,https://www.bastaonline.se/?aid=485989,"{'id': 627, 'name': 'Konradssons Kakel AB', 'url': None}","{'code': '03004', 'name': 'Mosaik'}","{'code': 'M', 'name': 'SKIKT AV BELÄGGNINGS- OCH BEKLÄDNADSVAROR I HUS', 'aggregationName': None}","{'hasSubstancesCoveredByInformationRequirements': False, 'hasInformation': True, 'hasHealthAndEnvironmentalHazards': True, 'hasCircularity': True, 'hasRenewability': True, 'hasEnvironmentalEffects': False, 'hasEmissionsAndTests': False, 'hasArticleDocumentation': False, 'hasEpdDocumentation': False, 'hasBvdDocumentation': False, 'hasPbDocumentation': False, 'hasEmissionDocumentation': False, 'hasMhibetaDocumentation': False, 'hasSdbDocumentation': False, 'hasOtherDocumentation': False, 'hasCirculatedMaterials': False, 'hasReusability': False, 'hasReusabilityPercentage': False, 'hasRecyclability': False, 'hasRecyclabilityPercentage': False, 'hasCircularityBusinessModels': False, 'hasRenewableMaterials': False, 'hasBoverketEnvironmentalEffects': False, 'hasSwedishWoodArticle': False, 'hasEmissionsAndTestsVoc': False, 'hasEmissionsAndTestsFormaldehyde': False, 'hasEmissionsAndTestsCarcinogenic': False, 'hasEmissionsAndTestsLeaching': False}",2024-11-13T08:45:08.807,AS-33,probe-20260917-as33bastaprobe-3,2026-09-17,c3a051eb0beebd5494f14dce1c01dd9a9e02c63ac8d086a90916d32b347b4665,42,92
561198,Gränslös Grafit,2118R,Radieblock,,Finja Betong,07331933709023,,,A-7331933-00000-7-117,1,ALFA,[1],['ALFA'],,https://www.bastaonline.se/?aid=561198,"{'id': 148, 'name': 'Finja Betong AB', 'url': None}","{'code': '01101', 'name': 'Betongblock'}","{'code': 'F', 'name': 'MURVERK', 'aggregationName': None}","{'hasSubstancesCoveredByInformationRequirements': False, 'hasInformation': True, 'hasHealthAndEnvironmentalHazards': True, 'hasCircularity': False, 'hasRenewability': False, 'hasEnvironmentalEffects': False, 'hasEmissionsAndTests': False, 'hasArticleDocumentation': False, 'hasEpdDocumentation': False, 'hasBvdDocumentation': False, 'hasPbDocumentation': False, 'hasEmissionDocumentation': False, 'hasMhibetaDocumentation': False, 'hasSdbDocumentation': False, 'hasOtherDocumentation': False, 'hasCirculatedMaterials': False, 'hasReusability': False, 'hasReusabilityPercentage': False, 'hasRecyclability': False, 'hasRecyclabilityPercentage': False, 'hasCircularityBusinessModels': False, 'hasRenewableMaterials': False, 'hasBoverketEnvironmentalEffects': False, 'hasSwedishWoodArticle': False, 'hasEmissionsAndTestsVoc': False, 'hasEmissionsAndTestsFormaldehyde': False, 'hasEmissionsAndTestsCarcinogenic': False, 'hasEmissionsAndTestsLeaching': False}",2018-10-12T15:51:21.943,AS-33,probe-20260917-as33bastaprobe-3,2026-09-17,c3a051eb0beebd5494f14dce1c01dd9a9e02c63ac8d086a90916d32b347b4665,42,93
731463,Bottendel,867-2017,2000x1580 botten=200 mm,,S:t Eriks,,,,,1,ALFA,[1],['ALFA'],,https://www.bastaonline.se/?aid=731463,"{'id': 230, 'name': 'S:t Eriks AB', 'url': None}","{'code': '20201', 'name': 'Markavlopp'}","{'code': 'PD', 'name': 'BRUNNAR O D I MARK', 'aggregationName': None}","{'hasSubstancesCoveredByInformationRequirements': False, 'hasInformation': True, 'hasHealthAndEnvironmentalHazards': True, 'hasCircularity': True, 'hasRenewability': False, 'hasEnvironmentalEffects': False, 'hasEmissionsAndTests': False, 'hasArticleDocumentation': True, 'hasEpdDocumentation': False, 'hasBvdDocumentation': False, 'hasPbDocumentation': False, 'hasEmissionDocumentation': False, 'hasMhibetaDocumentation': False, 'hasSdbDocumentation': False, 'hasOtherDocumentation': False, 'hasCirculatedMaterials': False, 'hasReusability': False, 'hasReusabilityPercentage': False, 'hasRecyclability': False, 'hasRecyclabilityPercentage': False, 'hasCircularityBusinessModels': False, 'hasRenewableMaterials': False, 'hasBoverketEnvironmentalEffects': False, 'hasSwedishWoodArticle': False, 'hasEmissionsAndTestsVoc': False, 'hasEmissionsAndTestsFormaldehyde': False, 'hasEmissionsAndTestsCarcinogenic': False, 'hasEmissionsAndTestsLeaching': False}",2026-04-22T07:10:31.503,AS-33,probe-20260917-as33bastaprobe-3,2026-09-17,c3a051eb0beebd5494f14dce1c01dd9a9e02c63ac8d086a90916d32b347b4665,42,94
569560,Reparoxyd,4563070 032 1001,Acrylate based fast curing polymer mortar,,MC-Bauchemie,,,,,1,ALFA,[1],['ALFA'],,https://www.bastaonline.se/?aid=569560,"{'id': 988, 'name': 'MC-Bauchemie Müller GmbH & Co. KG', 'url': None}","{'code': '01099', 'name': 'Bindemedel och bruk övrigt'}","{'code': '000', 'name': 'KEMISK PRODUKT', 'aggregationName': None}","{'hasSubstancesCoveredByInformationRequirements': False, 'hasInformation': True, 'hasHealthAndEnvironmentalHazards': True, 'hasCircularity': False, 'hasRenewability': False, 'hasEnvironmentalEffects': False, 'hasEmissionsAndTests': False, 'hasArticleDocumentation': False, 'hasEpdDocumentation': False, 'hasBvdDocumentation': False, 'hasPbDocumentation': False, 'hasEmissionDocumentation': False, 'hasMhibetaDocumentation': False, 'hasSdbDocumentation': False, 'hasOtherDocumentation': False, 'hasCirculatedMaterials': False, 'hasReusability': False, 'hasReusabilityPercentage': False, 'hasRecyclability': False, 'hasRecyclabilityPercentage': False, 'hasCircularityBusinessModels': False, 'hasRenewableMaterials': False, 'hasBoverketEnvironmentalEffects': False, 'hasSwedishWoodArticle': False, 'hasEmissionsAndTestsVoc': False, 'hasEmissionsAndTestsFormaldehyde': False, 'hasEmissionsAndTestsCarcinogenic': False, 'hasEmissionsAndTestsLeaching': False}",2019-03-20T16:42:32.01,AS-33,probe-20260917-as33bastaprobe-3,2026-09-17,c3a051eb0beebd5494f14dce1c01dd9a9e02c63ac8d086a90916d32b347b4665,42,95
584337,FLEXRÖR,70000751,32MM RING 25M,,,9010459139252,,1414025,,1,ALFA,[1],['ALFA'],,https://www.bastaonline.se/?aid=584337,"{'id': 228, 'name': 'Pipelife Sverige AB', 'url': None}","{'code': '20399', 'name': 'Slang och slangarmatur övrigt'}","{'code': 'PN', 'name': 'RÖRLEDNINGAR M M', 'aggregationName': None}","{'hasSubstancesCoveredByInformationRequirements': False, 'hasInformation': True, 'hasHealthAndEnvironmentalHazards': True, 'hasCircularity': False, 'hasRenewability': False, 'hasEnvironmentalEffects': False, 'hasEmissionsAndTests': False, 'hasArticleDocumentation': False, 'hasEpdDocumentation': False, 'hasBvdDocumentation': False, 'hasPbDocumentation': False, 'hasEmissionDocumentation': False, 'hasMhibetaDocumentation': False, 'hasSdbDocumentation': False, 'hasOtherDocumentation': False, 'hasCirculatedMaterials': False, 'hasReusability': False, 'hasReusabilityPercentage': False, 'hasRecyclability': False, 'hasRecyclabilityPercentage': False, 'hasCircularityBusinessModels': False, 'hasRenewableMaterials': False, 'hasBoverketEnvironmentalEffects': False, 'hasSwedishWoodArticle': False, 'hasEmissionsAndTestsVoc': False, 'hasEmissionsAndTestsFormaldehyde': False, 'hasEmissionsAndTestsCarcinogenic': False, 'hasEmissionsAndTestsLeaching': False}",2020-01-29T11:55:00.657,AS-33,probe-20260917-as33bastaprobe-3,2026-09-17,c3a051eb0beebd5494f14dce1c01dd9a9e02c63ac8d086a90916d32b347b4665,42,96
515270,Ståndare räcke taklucka kompl.,340070,Ståndare räcke taklucka kompl.,,CWL,7340001915358,,,,1,ALFA,[1],['ALFA'],,https://www.bastaonline.se/?aid=515270,"{'id': 503, 'name': 'CW Lundberg Industri AB', 'url': None}","{'code': '01906', 'name': 'Taksmide, luckor, bryggor och balkonger'}","{'code': 'NSJ', 'name': 'TILLTRÄDES- OCH SKYDDSANORDNINGAR', 'aggregationName': None}","{'hasSubstancesCoveredByInformationRequirements': False, 'hasInformation': True, 'hasHealthAndEnvironmentalHazards': True, 'hasCircularity': False, 'hasRenewability': True, 'hasEnvironmentalEffects': False, 'hasEmissionsAndTests': False, 'hasArticleDocumentation': False, 'hasEpdDocumentation': False, 'hasBvdDocumentation': False, 'hasPbDocumentation': False, 'hasEmissionDocumentation': False, 'hasMhibetaDocumentation': False, 'hasSdbDocumentation': False, 'hasOtherDocumentation': False, 'hasCirculatedMaterials': False, 'hasReusability': False, 'hasReusabilityPercentage': False, 'hasRecyclability': False, 'hasRecyclabilityPercentage': False, 'hasCircularityBusinessModels': False, 'hasRenewableMaterials': False, 'hasBoverketEnvironmentalEffects': False, 'hasSwedishWoodArticle': False, 'hasEmissionsAndTestsVoc': False, 'hasEmissionsAndTestsFormaldehyde': False, 'hasEmissionsAndTestsCarcinogenic': False, 'hasEmissionsAndTestsLeaching': False}",2025-09-10T07:19:49.963,AS-33,probe-20260917-as33bastaprobe-3,2026-09-17,c3a051eb0beebd5494f14dce1c01dd9a9e02c63ac8d086a90916d32b347b4665,42,97
659990,TRÄSKRUV KING CUT TKT FZB,9820-279901,"TRÄSKRUV TKT 6,0X40 FZB SB",,FAST,7319972799014,,,,1,ALFA,[1],['ALFA'],,https://www.bastaonline.se/?aid=659990,"{'id': 611, 'name': 'Heco Nordiska AB', 'url': None}","{'code': '05102', 'name': 'Träskruv invändig'}","{'code': 'ZS', 'name': 'DIVERSE TÄTNINGAR, KOMPLETTERINGAR, INFÄSTNINGAR O D I HUS', 'aggregationName': None}","{'hasSubstancesCoveredByInformationRequirements': False, 'hasInformation': True, 'hasHealthAndEnvironmentalHazards': True, 'hasCircularity': False, 'hasRenewability': False, 'hasEnvironmentalEffects': False, 'hasEmissionsAndTests': False, 'hasArticleDocumentation': False, 'hasEpdDocumentation': False, 'hasBvdDocumentation': False, 'hasPbDocumentation': False, 'hasEmissionDocumentation': False, 'hasMhibetaDocumentation': False, 'hasSdbDocumentation': False, 'hasOtherDocumentation': False, 'hasCirculatedMaterials': False, 'hasReusability': False, 'hasReusabilityPercentage': False, 'hasRecyclability': False, 'hasRecyclabilityPercentage': False, 'hasCircularityBusinessModels': False, 'hasRenewableMaterials': False, 'hasBoverketEnvironmentalEffects': False, 'hasSwedishWoodArticle': False, 'hasEmissionsAndTestsVoc': False, 'hasEmissionsAndTestsFormaldehyde': False, 'hasEmissionsAndTestsCarcinogenic': False, 'hasEmissionsAndTestsLeaching': False}",2026-06-04T06:20:36.957,AS-33,probe-20260917-as33bastaprobe-3,2026-09-17,c3a051eb0beebd5494f14dce1c01dd9a9e02c63ac8d086a90916d32b347b4665,42,98
514040,Planhyvlad Ek Obh 21x69,3500900021069, MM,,,4741585039905,,,A-4741585-03511-1-1,1,ALFA,[1],['ALFA'],,https://www.bastaonline.se/?aid=514040,"{'id': 736, 'name': 'Combiwood Sverige AB', 'url': None}","{'code': '03511', 'name': 'Ädelträlist - Obehandlad'}","{'code': 'NSM.22', 'name': 'Lister av lövträ', 'aggregationName': None}","{'hasSubstancesCoveredByInformationRequirements': False, 'hasInformation': True, 'hasHealthAndEnvironmentalHazards': True, 'hasCircularity': False, 'hasRenewability': False, 'hasEnvironmentalEffects': False, 'hasEmissionsAndTests': False, 'hasArticleDocumentation': False, 'hasEpdDocumentation': False, 'hasBvdDocumentation': False, 'hasPbDocumentation': False, 'hasEmissionDocumentation': False, 'hasMhibetaDocumentation': False, 'hasSdbDocumentation': False, 'hasOtherDocumentation': False, 'hasCirculatedMaterials': False, 'hasReusability': False, 'hasReusabilityPercentage': False, 'hasRecyclability': False, 'hasRecyclabilityPercentage': False, 'hasCircularityBusinessModels': False, 'hasRenewableMaterials': False, 'hasBoverketEnvironmentalEffects': False, 'hasSwedishWoodArticle': False, 'hasEmissionsAndTestsVoc': False, 'hasEmissionsAndTestsFormaldehyde': False, 'hasEmissionsAndTestsCarcinogenic': False, 'hasEmissionsAndTestsLeaching': False}",2017-11-23T18:51:08.687,AS-33,probe-20260917-as33bastaprobe-3,2026-09-17,c3a051eb0beebd5494f14dce1c01dd9a9e02c63ac8d086a90916d32b347b4665,42,99
603364,GOLVMATTA FLOTEX 333016 200 ST,206370,ARCK TWILIGHT C3 ANTIQUE,,,3662584060268,,,,1,ALFA,[1],['ALFA'],,https://www.bastaonline.se/?aid=603364,"{'id': 328, 'name': 'Forbo Flooring AB', 'url': None}","{'code': '03104', 'name': 'Plastgolv'}","{'code': 'M', 'name': 'SKIKT AV BELÄGGNINGS- OCH BEKLÄDNADSVAROR I HUS', 'aggregationName': None}","{'hasSubstancesCoveredByInformationRequirements': False, 'hasInformation': True, 'hasHealthAndEnvironmentalHazards': True, 'hasCircularity': False, 'hasRenewability': False, 'hasEnvironmentalEffects': False, 'hasEmissionsAndTests': False, 'hasArticleDocumentation': False, 'hasEpdDocumentation': False, 'hasBvdDocumentation': False, 'hasPbDocumentation': False, 'hasEmissionDocumentation': False, 'hasMhibetaDocumentation': False, 'hasSdbDocumentation': False, 'hasOtherDocumentation': False, 'hasCirculatedMaterials': False, 'hasReusability': False, 'hasReusabilityPercentage': False, 'hasRecyclability': False, 'hasRecyclabilityPercentage': False, 'hasCircularityBusinessModels': False, 'hasRenewableMaterials': False, 'hasBoverketEnvironmentalEffects': False, 'hasSwedishWoodArticle': False, 'hasEmissionsAndTestsVoc': False, 'hasEmissionsAndTestsFormaldehyde': False, 'hasEmissionsAndTestsCarcinogenic': False, 'hasEmissionsAndTestsLeaching': False}",2020-12-02T09:33:11.347,AS-33,probe-20260917-as33bastaprobe-3,2026-09-17,c3a051eb0beebd5494f14dce1c01dd9a9e02c63ac8d086a90916d32b347b4665,42,100
