id,articleName,articleNumber,articleDescription,extensiveDescription,brandName,gtin,rsk,enumber,ebvdId,gradeId,grade,gradeIds,grades,expirationDate,bastaArticleUrl,company,bk04Code,bsabCode,flags,lastModifiedAt,source_id,run_key,retrieval_date,doc_hash,sample_seed,sample_index
700870,Signature Acoustic Stucco Roselle,AQ0AUC51CE.WW0BU,"3,5mm Thick, 1mm Wear Layer, 1mm Acoustic Foam Backing, (914.4mm x 914.4mm)",,Amtico Signature Acoustic,05023510155515,,,B-500254768-4,1,ALFA,[1],['ALFA'],,https://www.bastaonline.se/?aid=700870,"{'id': 279, 'name': 'Amtico International AB', 'url': None}","{'code': '03104', 'name': 'Plastgolv'}","{'code': 'MFK.1', 'name': 'Beläggningar av matta eller plattor av plast utan krav på vattentäthet', 'aggregationName': None}","{'hasSubstancesCoveredByInformationRequirements': False, 'hasInformation': True, 'hasHealthAndEnvironmentalHazards': True, 'hasCircularity': True, 'hasRenewability': True, 'hasEnvironmentalEffects': True, 'hasEmissionsAndTests': True, 'hasArticleDocumentation': False, 'hasEpdDocumentation': False, 'hasBvdDocumentation': False, 'hasPbDocumentation': False, 'hasEmissionDocumentation': False, 'hasMhibetaDocumentation': False, 'hasSdbDocumentation': False, 'hasOtherDocumentation': False, 'hasCirculatedMaterials': True, 'hasReusability': False, 'hasReusabilityPercentage': False, 'hasRecyclability': False, 'hasRecyclabilityPercentage': False, 'hasCircularityBusinessModels': False, 'hasRenewableMaterials': True, 'hasBoverketEnvironmentalEffects': False, 'hasSwedishWoodArticle': False, 'hasEmissionsAndTestsVoc': True, 'hasEmissionsAndTestsFormaldehyde': True, 'hasEmissionsAndTestsCarcinogenic': True, 'hasEmissionsAndTestsLeaching': False}",2026-08-19T07:52:18.01,AS-33,probe-20260917-as33bastaprobe-2,2026-09-17,f195c5ac8c3129f49af7736cbab3ffe1e667b188a43dbeff37c15c5f12e0ffbb,42,1
700091,Signature Acoustic Grey Burnished Metal,AQ0ARH13CE.SS0BU," 3,5mm Thick, 1mm Wear Layer, 1mm Acoustic Foam Backing, (457.2mm x 457.2mm)",,Amtico Signature Acoustic,05023510154204,,,B-500254768-4,1,ALFA,[1],['ALFA'],,https://www.bastaonline.se/?aid=700091,"{'id': 279, 'name': 'Amtico International AB', 'url': None}","{'code': '03104', 'name': 'Plastgolv'}","{'code': 'MFK.1', 'name': 'Beläggningar av matta eller plattor av plast utan krav på vattentäthet', 'aggregationName': None}","{'hasSubstancesCoveredByInformationRequirements': False, 'hasInformation': True, 'hasHealthAndEnvironmentalHazards': True, 'hasCircularity': True, 'hasRenewability': True, 'hasEnvironmentalEffects': True, 'hasEmissionsAndTests': True, 'hasArticleDocumentation': False, 'hasEpdDocumentation': False, 'hasBvdDocumentation': False, 'hasPbDocumentation': False, 'hasEmissionDocumentation': False, 'hasMhibetaDocumentation': False, 'hasSdbDocumentation': False, 'hasOtherDocumentation': False, 'hasCirculatedMaterials': True, 'hasReusability': False, 'hasReusabilityPercentage': False, 'hasRecyclability': False, 'hasRecyclabilityPercentage': False, 'hasCircularityBusinessModels': False, 'hasRenewableMaterials': True, 'hasBoverketEnvironmentalEffects': False, 'hasSwedishWoodArticle': False, 'hasEmissionsAndTestsVoc': True, 'hasEmissionsAndTestsFormaldehyde': True, 'hasEmissionsAndTestsCarcinogenic': True, 'hasEmissionsAndTestsLeaching': False}",2026-08-19T07:52:18.01,AS-33,probe-20260917-as33bastaprobe-2,2026-09-17,f195c5ac8c3129f49af7736cbab3ffe1e667b188a43dbeff37c15c5f12e0ffbb,42,2
700939,Signature Acoustic Verde Classic Marble,AQ0SCA87CE.WK0BU,"3,5mm Thick, 1mm Wear Layer, 1mm Acoustic Foam Backing, (914.4x152.4mm)",,Amtico Signature Acoustic,05023510156772,,,B-500254768-4,1,ALFA,[1],['ALFA'],,https://www.bastaonline.se/?aid=700939,"{'id': 279, 'name': 'Amtico International AB', 'url': None}","{'code': '03104', 'name': 'Plastgolv'}","{'code': 'MFK.1', 'name': 'Beläggningar av matta eller plattor av plast utan krav på vattentäthet', 'aggregationName': None}","{'hasSubstancesCoveredByInformationRequirements': False, 'hasInformation': True, 'hasHealthAndEnvironmentalHazards': True, 'hasCircularity': True, 'hasRenewability': True, 'hasEnvironmentalEffects': True, 'hasEmissionsAndTests': True, 'hasArticleDocumentation': False, 'hasEpdDocumentation': False, 'hasBvdDocumentation': False, 'hasPbDocumentation': False, 'hasEmissionDocumentation': False, 'hasMhibetaDocumentation': False, 'hasSdbDocumentation': False, 'hasOtherDocumentation': False, 'hasCirculatedMaterials': True, 'hasReusability': False, 'hasReusabilityPercentage': False, 'hasRecyclability': False, 'hasRecyclabilityPercentage': False, 'hasCircularityBusinessModels': False, 'hasRenewableMaterials': True, 'hasBoverketEnvironmentalEffects': False, 'hasSwedishWoodArticle': False, 'hasEmissionsAndTestsVoc': True, 'hasEmissionsAndTestsFormaldehyde': True, 'hasEmissionsAndTestsCarcinogenic': True, 'hasEmissionsAndTestsLeaching': False}",2026-08-19T07:52:18.01,AS-33,probe-20260917-as33bastaprobe-2,2026-09-17,f195c5ac8c3129f49af7736cbab3ffe1e667b188a43dbeff37c15c5f12e0ffbb,42,3
700910,Signature Acoustic Tortora Classic Marble,AQ0SCA44CE.WK0BU,"3,5mm Thick, 1mm Wear Layer, 1mm Acoustic Foam Backing, (914.4x152.4mm)",,Amtico Signature Acoustic,05023510156598,,,B-500254768-4,1,ALFA,[1],['ALFA'],,https://www.bastaonline.se/?aid=700910,"{'id': 279, 'name': 'Amtico International AB', 'url': None}","{'code': '03104', 'name': 'Plastgolv'}","{'code': 'MFK.1', 'name': 'Beläggningar av matta eller plattor av plast utan krav på vattentäthet', 'aggregationName': None}","{'hasSubstancesCoveredByInformationRequirements': False, 'hasInformation': True, 'hasHealthAndEnvironmentalHazards': True, 'hasCircularity': True, 'hasRenewability': True, 'hasEnvironmentalEffects': True, 'hasEmissionsAndTests': True, 'hasArticleDocumentation': False, 'hasEpdDocumentation': False, 'hasBvdDocumentation': False, 'hasPbDocumentation': False, 'hasEmissionDocumentation': False, 'hasMhibetaDocumentation': False, 'hasSdbDocumentation': False, 'hasOtherDocumentation': False, 'hasCirculatedMaterials': True, 'hasReusability': False, 'hasReusabilityPercentage': False, 'hasRecyclability': False, 'hasRecyclabilityPercentage': False, 'hasCircularityBusinessModels': False, 'hasRenewableMaterials': True, 'hasBoverketEnvironmentalEffects': False, 'hasSwedishWoodArticle': False, 'hasEmissionsAndTestsVoc': True, 'hasEmissionsAndTestsFormaldehyde': True, 'hasEmissionsAndTestsCarcinogenic': True, 'hasEmissionsAndTestsLeaching': False}",2026-08-19T07:52:18.01,AS-33,probe-20260917-as33bastaprobe-2,2026-09-17,f195c5ac8c3129f49af7736cbab3ffe1e667b188a43dbeff37c15c5f12e0ffbb,42,4
700102,Signature Acoustic Grigio Classic Marble,AQ0SCA37CE.UW0BU,"3,5mm Thick, 1mm Wear Layer, 1mm Acoustic Foam Backing, (609.6mm x 914.4mm)",,Amtico Signature Acoustic,05023510156482,,,B-500254768-4,1,ALFA,[1],['ALFA'],,https://www.bastaonline.se/?aid=700102,"{'id': 279, 'name': 'Amtico International AB', 'url': None}","{'code': '03104', 'name': 'Plastgolv'}","{'code': 'MFK.1', 'name': 'Beläggningar av matta eller plattor av plast utan krav på vattentäthet', 'aggregationName': None}","{'hasSubstancesCoveredByInformationRequirements': False, 'hasInformation': True, 'hasHealthAndEnvironmentalHazards': True, 'hasCircularity': True, 'hasRenewability': True, 'hasEnvironmentalEffects': True, 'hasEmissionsAndTests': True, 'hasArticleDocumentation': False, 'hasEpdDocumentation': False, 'hasBvdDocumentation': False, 'hasPbDocumentation': False, 'hasEmissionDocumentation': False, 'hasMhibetaDocumentation': False, 'hasSdbDocumentation': False, 'hasOtherDocumentation': False, 'hasCirculatedMaterials': True, 'hasReusability': False, 'hasReusabilityPercentage': False, 'hasRecyclability': False, 'hasRecyclabilityPercentage': False, 'hasCircularityBusinessModels': False, 'hasRenewableMaterials': True, 'hasBoverketEnvironmentalEffects': False, 'hasSwedishWoodArticle': False, 'hasEmissionsAndTestsVoc': True, 'hasEmissionsAndTestsFormaldehyde': True, 'hasEmissionsAndTestsCarcinogenic': True, 'hasEmissionsAndTestsLeaching': False}",2026-08-19T07:52:18.01,AS-33,probe-20260917-as33bastaprobe-2,2026-09-17,f195c5ac8c3129f49af7736cbab3ffe1e667b188a43dbeff37c15c5f12e0ffbb,42,5
700823,Signature Acoustic Stucco Nutmeg,AQ0AUC89CE.UW0BU,"3,5mm Thick, 1mm Wear Layer, 1mm Acoustic Foam Backing, (609.6mm x 914.4mm)",,Amtico Signature Acoustic,05023510155751,,,B-500254768-4,1,ALFA,[1],['ALFA'],,https://www.bastaonline.se/?aid=700823,"{'id': 279, 'name': 'Amtico International AB', 'url': None}","{'code': '03104', 'name': 'Plastgolv'}","{'code': 'MFK.1', 'name': 'Beläggningar av matta eller plattor av plast utan krav på vattentäthet', 'aggregationName': None}","{'hasSubstancesCoveredByInformationRequirements': False, 'hasInformation': True, 'hasHealthAndEnvironmentalHazards': True, 'hasCircularity': True, 'hasRenewability': True, 'hasEnvironmentalEffects': True, 'hasEmissionsAndTests': True, 'hasArticleDocumentation': False, 'hasEpdDocumentation': False, 'hasBvdDocumentation': False, 'hasPbDocumentation': False, 'hasEmissionDocumentation': False, 'hasMhibetaDocumentation': False, 'hasSdbDocumentation': False, 'hasOtherDocumentation': False, 'hasCirculatedMaterials': True, 'hasReusability': False, 'hasReusabilityPercentage': False, 'hasRecyclability': False, 'hasRecyclabilityPercentage': False, 'hasCircularityBusinessModels': False, 'hasRenewableMaterials': True, 'hasBoverketEnvironmentalEffects': False, 'hasSwedishWoodArticle': False, 'hasEmissionsAndTestsVoc': True, 'hasEmissionsAndTestsFormaldehyde': True, 'hasEmissionsAndTestsCarcinogenic': True, 'hasEmissionsAndTestsLeaching': False}",2026-08-19T07:52:18.01,AS-33,probe-20260917-as33bastaprobe-2,2026-09-17,f195c5ac8c3129f49af7736cbab3ffe1e667b188a43dbeff37c15c5f12e0ffbb,42,6
700866,Signature Acoustic Stucco Roselle,AQ0AUC51CE.UW0BU,"3,5mm Thick, 1mm Wear Layer, 1mm Acoustic Foam Backing, (609.6mm x 914.4mm)",,Amtico Signature Acoustic,05023510155461,,,B-500254768-4,1,ALFA,[1],['ALFA'],,https://www.bastaonline.se/?aid=700866,"{'id': 279, 'name': 'Amtico International AB', 'url': None}","{'code': '03104', 'name': 'Plastgolv'}","{'code': 'MFK.1', 'name': 'Beläggningar av matta eller plattor av plast utan krav på vattentäthet', 'aggregationName': None}","{'hasSubstancesCoveredByInformationRequirements': False, 'hasInformation': True, 'hasHealthAndEnvironmentalHazards': True, 'hasCircularity': True, 'hasRenewability': True, 'hasEnvironmentalEffects': True, 'hasEmissionsAndTests': True, 'hasArticleDocumentation': False, 'hasEpdDocumentation': False, 'hasBvdDocumentation': False, 'hasPbDocumentation': False, 'hasEmissionDocumentation': False, 'hasMhibetaDocumentation': False, 'hasSdbDocumentation': False, 'hasOtherDocumentation': False, 'hasCirculatedMaterials': True, 'hasReusability': False, 'hasReusabilityPercentage': False, 'hasRecyclability': False, 'hasRecyclabilityPercentage': False, 'hasCircularityBusinessModels': False, 'hasRenewableMaterials': True, 'hasBoverketEnvironmentalEffects': False, 'hasSwedishWoodArticle': False, 'hasEmissionsAndTestsVoc': True, 'hasEmissionsAndTestsFormaldehyde': True, 'hasEmissionsAndTestsCarcinogenic': True, 'hasEmissionsAndTestsLeaching': False}",2026-08-19T07:52:18.01,AS-33,probe-20260917-as33bastaprobe-2,2026-09-17,f195c5ac8c3129f49af7736cbab3ffe1e667b188a43dbeff37c15c5f12e0ffbb,42,7
700119,Signature Acoustic Hamsterley Oak,AQ0W8770WS.WK0BU,"3,5mm Thick, 1mm Wear Layer, 1mm Acoustic Foam Backing, (914.4x152.4mm)",,Amtico Signature Acoustic,05023510172529,,,B-500254768-4,1,ALFA,[1],['ALFA'],,https://www.bastaonline.se/?aid=700119,"{'id': 279, 'name': 'Amtico International AB', 'url': None}","{'code': '03104', 'name': 'Plastgolv'}","{'code': 'MFK.1', 'name': 'Beläggningar av matta eller plattor av plast utan krav på vattentäthet', 'aggregationName': None}","{'hasSubstancesCoveredByInformationRequirements': False, 'hasInformation': True, 'hasHealthAndEnvironmentalHazards': True, 'hasCircularity': True, 'hasRenewability': True, 'hasEnvironmentalEffects': True, 'hasEmissionsAndTests': True, 'hasArticleDocumentation': False, 'hasEpdDocumentation': False, 'hasBvdDocumentation': False, 'hasPbDocumentation': False, 'hasEmissionDocumentation': False, 'hasMhibetaDocumentation': False, 'hasSdbDocumentation': False, 'hasOtherDocumentation': False, 'hasCirculatedMaterials': True, 'hasReusability': False, 'hasReusabilityPercentage': False, 'hasRecyclability': False, 'hasRecyclabilityPercentage': False, 'hasCircularityBusinessModels': False, 'hasRenewableMaterials': True, 'hasBoverketEnvironmentalEffects': False, 'hasSwedishWoodArticle': False, 'hasEmissionsAndTestsVoc': True, 'hasEmissionsAndTestsFormaldehyde': True, 'hasEmissionsAndTestsCarcinogenic': True, 'hasEmissionsAndTestsLeaching': False}",2026-08-19T07:53:17.51,AS-33,probe-20260917-as33bastaprobe-2,2026-09-17,f195c5ac8c3129f49af7736cbab3ffe1e667b188a43dbeff37c15c5f12e0ffbb,42,8
700844,Signature Acoustic Stucco Pebble,AQ0AUC38CE.UP0BU,"3,5mm Thick, 1mm Wear Layer, 1mm Acoustic Foam Backing, (609.6mm x 304.8mm)",,Amtico Signature Acoustic,05023510155102,,,B-500254768-4,1,ALFA,[1],['ALFA'],,https://www.bastaonline.se/?aid=700844,"{'id': 279, 'name': 'Amtico International AB', 'url': None}","{'code': '03104', 'name': 'Plastgolv'}","{'code': 'MFK.1', 'name': 'Beläggningar av matta eller plattor av plast utan krav på vattentäthet', 'aggregationName': None}","{'hasSubstancesCoveredByInformationRequirements': False, 'hasInformation': True, 'hasHealthAndEnvironmentalHazards': True, 'hasCircularity': True, 'hasRenewability': True, 'hasEnvironmentalEffects': True, 'hasEmissionsAndTests': True, 'hasArticleDocumentation': False, 'hasEpdDocumentation': False, 'hasBvdDocumentation': False, 'hasPbDocumentation': False, 'hasEmissionDocumentation': False, 'hasMhibetaDocumentation': False, 'hasSdbDocumentation': False, 'hasOtherDocumentation': False, 'hasCirculatedMaterials': True, 'hasReusability': False, 'hasReusabilityPercentage': False, 'hasRecyclability': False, 'hasRecyclabilityPercentage': False, 'hasCircularityBusinessModels': False, 'hasRenewableMaterials': True, 'hasBoverketEnvironmentalEffects': False, 'hasSwedishWoodArticle': False, 'hasEmissionsAndTestsVoc': True, 'hasEmissionsAndTestsFormaldehyde': True, 'hasEmissionsAndTestsCarcinogenic': True, 'hasEmissionsAndTestsLeaching': False}",2026-08-19T07:52:18.01,AS-33,probe-20260917-as33bastaprobe-2,2026-09-17,f195c5ac8c3129f49af7736cbab3ffe1e667b188a43dbeff37c15c5f12e0ffbb,42,9
700886,Signature Acoustic Teak,AQ0W6990WE.WK0BU,"3,5mm Thick, 1mm Wear Layer, 1mm Acoustic Foam Backing, (914.4x152.4mm)",,Amtico Signature Acoustic,05023510163381,,,B-500254768-4,1,ALFA,[1],['ALFA'],,https://www.bastaonline.se/?aid=700886,"{'id': 279, 'name': 'Amtico International AB', 'url': None}","{'code': '03104', 'name': 'Plastgolv'}","{'code': 'MFK.1', 'name': 'Beläggningar av matta eller plattor av plast utan krav på vattentäthet', 'aggregationName': None}","{'hasSubstancesCoveredByInformationRequirements': False, 'hasInformation': True, 'hasHealthAndEnvironmentalHazards': True, 'hasCircularity': True, 'hasRenewability': True, 'hasEnvironmentalEffects': True, 'hasEmissionsAndTests': True, 'hasArticleDocumentation': False, 'hasEpdDocumentation': False, 'hasBvdDocumentation': False, 'hasPbDocumentation': False, 'hasEmissionDocumentation': False, 'hasMhibetaDocumentation': False, 'hasSdbDocumentation': False, 'hasOtherDocumentation': False, 'hasCirculatedMaterials': True, 'hasReusability': False, 'hasReusabilityPercentage': False, 'hasRecyclability': False, 'hasRecyclabilityPercentage': False, 'hasCircularityBusinessModels': False, 'hasRenewableMaterials': True, 'hasBoverketEnvironmentalEffects': False, 'hasSwedishWoodArticle': False, 'hasEmissionsAndTestsVoc': True, 'hasEmissionsAndTestsFormaldehyde': True, 'hasEmissionsAndTestsCarcinogenic': True, 'hasEmissionsAndTestsLeaching': False}",2026-08-19T07:52:40.7,AS-33,probe-20260917-as33bastaprobe-2,2026-09-17,f195c5ac8c3129f49af7736cbab3ffe1e667b188a43dbeff37c15c5f12e0ffbb,42,10
700093,Signature Acoustic Grey Burnished Metal,AQ0ARH13CE.UW0BU,"3,5mm Thick, 1mm Wear Layer, 1mm Acoustic Foam Backing, (609.6mm x 914.4mm)",,Amtico Signature Acoustic,05023510154228,,,B-500254768-4,1,ALFA,[1],['ALFA'],,https://www.bastaonline.se/?aid=700093,"{'id': 279, 'name': 'Amtico International AB', 'url': None}","{'code': '03104', 'name': 'Plastgolv'}","{'code': 'MFK.1', 'name': 'Beläggningar av matta eller plattor av plast utan krav på vattentäthet', 'aggregationName': None}","{'hasSubstancesCoveredByInformationRequirements': False, 'hasInformation': True, 'hasHealthAndEnvironmentalHazards': True, 'hasCircularity': True, 'hasRenewability': True, 'hasEnvironmentalEffects': True, 'hasEmissionsAndTests': True, 'hasArticleDocumentation': False, 'hasEpdDocumentation': False, 'hasBvdDocumentation': False, 'hasPbDocumentation': False, 'hasEmissionDocumentation': False, 'hasMhibetaDocumentation': False, 'hasSdbDocumentation': False, 'hasOtherDocumentation': False, 'hasCirculatedMaterials': True, 'hasReusability': False, 'hasReusabilityPercentage': False, 'hasRecyclability': False, 'hasRecyclabilityPercentage': False, 'hasCircularityBusinessModels': False, 'hasRenewableMaterials': True, 'hasBoverketEnvironmentalEffects': False, 'hasSwedishWoodArticle': False, 'hasEmissionsAndTestsVoc': True, 'hasEmissionsAndTestsFormaldehyde': True, 'hasEmissionsAndTestsCarcinogenic': True, 'hasEmissionsAndTestsLeaching': False}",2026-08-19T07:52:18.01,AS-33,probe-20260917-as33bastaprobe-2,2026-09-17,f195c5ac8c3129f49af7736cbab3ffe1e667b188a43dbeff37c15c5f12e0ffbb,42,11
700092,Signature Acoustic Grey Burnished Metal,AQ0ARH13CE.UP0BU,"3,5mm Thick, 1mm Wear Layer, 1mm Acoustic Foam Backing, (609.6mm x 304.8mm)",,Amtico Signature Acoustic,05023510154211,,,B-500254768-4,1,ALFA,[1],['ALFA'],,https://www.bastaonline.se/?aid=700092,"{'id': 279, 'name': 'Amtico International AB', 'url': None}","{'code': '03104', 'name': 'Plastgolv'}","{'code': 'MFK.1', 'name': 'Beläggningar av matta eller plattor av plast utan krav på vattentäthet', 'aggregationName': None}","{'hasSubstancesCoveredByInformationRequirements': False, 'hasInformation': True, 'hasHealthAndEnvironmentalHazards': True, 'hasCircularity': True, 'hasRenewability': True, 'hasEnvironmentalEffects': True, 'hasEmissionsAndTests': True, 'hasArticleDocumentation': False, 'hasEpdDocumentation': False, 'hasBvdDocumentation': False, 'hasPbDocumentation': False, 'hasEmissionDocumentation': False, 'hasMhibetaDocumentation': False, 'hasSdbDocumentation': False, 'hasOtherDocumentation': False, 'hasCirculatedMaterials': True, 'hasReusability': False, 'hasReusabilityPercentage': False, 'hasRecyclability': False, 'hasRecyclabilityPercentage': False, 'hasCircularityBusinessModels': False, 'hasRenewableMaterials': True, 'hasBoverketEnvironmentalEffects': False, 'hasSwedishWoodArticle': False, 'hasEmissionsAndTestsVoc': True, 'hasEmissionsAndTestsFormaldehyde': True, 'hasEmissionsAndTestsCarcinogenic': True, 'hasEmissionsAndTestsLeaching': False}",2026-08-19T07:52:18.01,AS-33,probe-20260917-as33bastaprobe-2,2026-09-17,f195c5ac8c3129f49af7736cbab3ffe1e667b188a43dbeff37c15c5f12e0ffbb,42,12
700845,Signature Acoustic Stucco Pebble,AQ0AUC38CE.WK0BU,"3,5mm Thick, 1mm Wear Layer, 1mm Acoustic Foam Backing, (914.4x152.4mm)",,Amtico Signature Acoustic,05023510155119,,,B-500254768-4,1,ALFA,[1],['ALFA'],,https://www.bastaonline.se/?aid=700845,"{'id': 279, 'name': 'Amtico International AB', 'url': None}","{'code': '03104', 'name': 'Plastgolv'}","{'code': 'MFK.1', 'name': 'Beläggningar av matta eller plattor av plast utan krav på vattentäthet', 'aggregationName': None}","{'hasSubstancesCoveredByInformationRequirements': False, 'hasInformation': True, 'hasHealthAndEnvironmentalHazards': True, 'hasCircularity': True, 'hasRenewability': True, 'hasEnvironmentalEffects': True, 'hasEmissionsAndTests': True, 'hasArticleDocumentation': False, 'hasEpdDocumentation': False, 'hasBvdDocumentation': False, 'hasPbDocumentation': False, 'hasEmissionDocumentation': False, 'hasMhibetaDocumentation': False, 'hasSdbDocumentation': False, 'hasOtherDocumentation': False, 'hasCirculatedMaterials': True, 'hasReusability': False, 'hasReusabilityPercentage': False, 'hasRecyclability': False, 'hasRecyclabilityPercentage': False, 'hasCircularityBusinessModels': False, 'hasRenewableMaterials': True, 'hasBoverketEnvironmentalEffects': False, 'hasSwedishWoodArticle': False, 'hasEmissionsAndTestsVoc': True, 'hasEmissionsAndTestsFormaldehyde': True, 'hasEmissionsAndTestsCarcinogenic': True, 'hasEmissionsAndTestsLeaching': False}",2026-08-19T07:52:18.01,AS-33,probe-20260917-as33bastaprobe-2,2026-09-17,f195c5ac8c3129f49af7736cbab3ffe1e667b188a43dbeff37c15c5f12e0ffbb,42,13
700098,Signature Acoustic Grigio Classic Marble,AQ0SCA37CE.PP0BU," 3,5mm Thick, 1mm Wear Layer, 1mm Acoustic Foam Backing, (304.8mm x 304.8mm)",,Amtico Signature Acoustic,05023510156444,,,B-500254768-4,1,ALFA,[1],['ALFA'],,https://www.bastaonline.se/?aid=700098,"{'id': 279, 'name': 'Amtico International AB', 'url': None}","{'code': '03104', 'name': 'Plastgolv'}","{'code': 'MFK.1', 'name': 'Beläggningar av matta eller plattor av plast utan krav på vattentäthet', 'aggregationName': None}","{'hasSubstancesCoveredByInformationRequirements': False, 'hasInformation': True, 'hasHealthAndEnvironmentalHazards': True, 'hasCircularity': True, 'hasRenewability': True, 'hasEnvironmentalEffects': True, 'hasEmissionsAndTests': True, 'hasArticleDocumentation': False, 'hasEpdDocumentation': False, 'hasBvdDocumentation': False, 'hasPbDocumentation': False, 'hasEmissionDocumentation': False, 'hasMhibetaDocumentation': False, 'hasSdbDocumentation': False, 'hasOtherDocumentation': False, 'hasCirculatedMaterials': True, 'hasReusability': False, 'hasReusabilityPercentage': False, 'hasRecyclability': False, 'hasRecyclabilityPercentage': False, 'hasCircularityBusinessModels': False, 'hasRenewableMaterials': True, 'hasBoverketEnvironmentalEffects': False, 'hasSwedishWoodArticle': False, 'hasEmissionsAndTestsVoc': True, 'hasEmissionsAndTestsFormaldehyde': True, 'hasEmissionsAndTestsCarcinogenic': True, 'hasEmissionsAndTestsLeaching': False}",2026-08-19T07:52:18.01,AS-33,probe-20260917-as33bastaprobe-2,2026-09-17,f195c5ac8c3129f49af7736cbab3ffe1e667b188a43dbeff37c15c5f12e0ffbb,42,14
700106,Signature Acoustic Grigio Classic Marble,AQ0SCA37CE.WW0BU,"3,5mm Thick, 1mm Wear Layer, 1mm Acoustic Foam Backing, (914.4mm x 914.4mm)",,Amtico Signature Acoustic,05023510156529,,,B-500254768-4,1,ALFA,[1],['ALFA'],,https://www.bastaonline.se/?aid=700106,"{'id': 279, 'name': 'Amtico International AB', 'url': None}","{'code': '03104', 'name': 'Plastgolv'}","{'code': 'MFK.1', 'name': 'Beläggningar av matta eller plattor av plast utan krav på vattentäthet', 'aggregationName': None}","{'hasSubstancesCoveredByInformationRequirements': False, 'hasInformation': True, 'hasHealthAndEnvironmentalHazards': True, 'hasCircularity': True, 'hasRenewability': True, 'hasEnvironmentalEffects': True, 'hasEmissionsAndTests': True, 'hasArticleDocumentation': False, 'hasEpdDocumentation': False, 'hasBvdDocumentation': False, 'hasPbDocumentation': False, 'hasEmissionDocumentation': False, 'hasMhibetaDocumentation': False, 'hasSdbDocumentation': False, 'hasOtherDocumentation': False, 'hasCirculatedMaterials': True, 'hasReusability': False, 'hasReusabilityPercentage': False, 'hasRecyclability': False, 'hasRecyclabilityPercentage': False, 'hasCircularityBusinessModels': False, 'hasRenewableMaterials': True, 'hasBoverketEnvironmentalEffects': False, 'hasSwedishWoodArticle': False, 'hasEmissionsAndTestsVoc': True, 'hasEmissionsAndTestsFormaldehyde': True, 'hasEmissionsAndTestsCarcinogenic': True, 'hasEmissionsAndTestsLeaching': False}",2026-08-19T07:52:18.01,AS-33,probe-20260917-as33bastaprobe-2,2026-09-17,f195c5ac8c3129f49af7736cbab3ffe1e667b188a43dbeff37c15c5f12e0ffbb,42,15
700143,Signature Acoustic Harbour Pine,AQ0W7990WE.WS0BU,"3,5mm Thick, 1mm Wear Layer, 1mm Acoustic Foam Backing, (914.4mm x 457.2mm)",,Amtico Signature Acoustic,05023510046868,,,B-500254768-4,1,ALFA,[1],['ALFA'],,https://www.bastaonline.se/?aid=700143,"{'id': 279, 'name': 'Amtico International AB', 'url': None}","{'code': '03104', 'name': 'Plastgolv'}","{'code': 'MFK.1', 'name': 'Beläggningar av matta eller plattor av plast utan krav på vattentäthet', 'aggregationName': None}","{'hasSubstancesCoveredByInformationRequirements': False, 'hasInformation': True, 'hasHealthAndEnvironmentalHazards': True, 'hasCircularity': True, 'hasRenewability': True, 'hasEnvironmentalEffects': True, 'hasEmissionsAndTests': True, 'hasArticleDocumentation': False, 'hasEpdDocumentation': False, 'hasBvdDocumentation': False, 'hasPbDocumentation': False, 'hasEmissionDocumentation': False, 'hasMhibetaDocumentation': False, 'hasSdbDocumentation': False, 'hasOtherDocumentation': False, 'hasCirculatedMaterials': True, 'hasReusability': False, 'hasReusabilityPercentage': False, 'hasRecyclability': False, 'hasRecyclabilityPercentage': False, 'hasCircularityBusinessModels': False, 'hasRenewableMaterials': True, 'hasBoverketEnvironmentalEffects': False, 'hasSwedishWoodArticle': False, 'hasEmissionsAndTestsVoc': True, 'hasEmissionsAndTestsFormaldehyde': True, 'hasEmissionsAndTestsCarcinogenic': True, 'hasEmissionsAndTestsLeaching': False}",2026-08-19T07:53:03.473,AS-33,probe-20260917-as33bastaprobe-2,2026-09-17,f195c5ac8c3129f49af7736cbab3ffe1e667b188a43dbeff37c15c5f12e0ffbb,42,16
700874,Signature Acoustic Tay Oak,AQ0W8900WT.WG0BU,"3,5mm Thick, 1mm Wear Layer, 1mm Acoustic Foam Backing, (914.4mm x 114.3mm)",,Amtico Signature Acoustic,05023510172901,,,B-500254768-4,1,ALFA,[1],['ALFA'],,https://www.bastaonline.se/?aid=700874,"{'id': 279, 'name': 'Amtico International AB', 'url': None}","{'code': '03104', 'name': 'Plastgolv'}","{'code': 'MFK.1', 'name': 'Beläggningar av matta eller plattor av plast utan krav på vattentäthet', 'aggregationName': None}","{'hasSubstancesCoveredByInformationRequirements': False, 'hasInformation': True, 'hasHealthAndEnvironmentalHazards': True, 'hasCircularity': True, 'hasRenewability': True, 'hasEnvironmentalEffects': True, 'hasEmissionsAndTests': True, 'hasArticleDocumentation': False, 'hasEpdDocumentation': False, 'hasBvdDocumentation': False, 'hasPbDocumentation': False, 'hasEmissionDocumentation': False, 'hasMhibetaDocumentation': False, 'hasSdbDocumentation': False, 'hasOtherDocumentation': False, 'hasCirculatedMaterials': True, 'hasReusability': False, 'hasReusabilityPercentage': False, 'hasRecyclability': False, 'hasRecyclabilityPercentage': False, 'hasCircularityBusinessModels': False, 'hasRenewableMaterials': True, 'hasBoverketEnvironmentalEffects': False, 'hasSwedishWoodArticle': False, 'hasEmissionsAndTestsVoc': True, 'hasEmissionsAndTestsFormaldehyde': True, 'hasEmissionsAndTestsCarcinogenic': True, 'hasEmissionsAndTestsLeaching': False}",2026-08-19T07:53:17.51,AS-33,probe-20260917-as33bastaprobe-2,2026-09-17,f195c5ac8c3129f49af7736cbab3ffe1e667b188a43dbeff37c15c5f12e0ffbb,42,17
700809,Signature Acoustic Stucco Mist,AQ0AUC93CE.SP0BU," 3,5mm Thick, 1mm Wear Layer, 1mm Acoustic Foam Backing, (457.2mm x 304.8mm)",,Amtico Signature Acoustic,05023510156024,,,B-500254768-4,1,ALFA,[1],['ALFA'],,https://www.bastaonline.se/?aid=700809,"{'id': 279, 'name': 'Amtico International AB', 'url': None}","{'code': '03104', 'name': 'Plastgolv'}","{'code': 'MFK.1', 'name': 'Beläggningar av matta eller plattor av plast utan krav på vattentäthet', 'aggregationName': None}","{'hasSubstancesCoveredByInformationRequirements': False, 'hasInformation': True, 'hasHealthAndEnvironmentalHazards': True, 'hasCircularity': True, 'hasRenewability': True, 'hasEnvironmentalEffects': True, 'hasEmissionsAndTests': True, 'hasArticleDocumentation': False, 'hasEpdDocumentation': False, 'hasBvdDocumentation': False, 'hasPbDocumentation': False, 'hasEmissionDocumentation': False, 'hasMhibetaDocumentation': False, 'hasSdbDocumentation': False, 'hasOtherDocumentation': False, 'hasCirculatedMaterials': True, 'hasReusability': False, 'hasReusabilityPercentage': False, 'hasRecyclability': False, 'hasRecyclabilityPercentage': False, 'hasCircularityBusinessModels': False, 'hasRenewableMaterials': True, 'hasBoverketEnvironmentalEffects': False, 'hasSwedishWoodArticle': False, 'hasEmissionsAndTestsVoc': True, 'hasEmissionsAndTestsFormaldehyde': True, 'hasEmissionsAndTestsCarcinogenic': True, 'hasEmissionsAndTestsLeaching': False}",2026-08-19T07:52:18.01,AS-33,probe-20260917-as33bastaprobe-2,2026-09-17,f195c5ac8c3129f49af7736cbab3ffe1e667b188a43dbeff37c15c5f12e0ffbb,42,18
700884,Signature Acoustic Teak,AQ0W6990WE.US0BU,"3,5mm Thick, 1mm Wear Layer, 1mm Acoustic Foam Backing, (609.6mm x 457.2mm)",,Amtico Signature Acoustic,05023510037323,,,B-500254768-4,1,ALFA,[1],['ALFA'],,https://www.bastaonline.se/?aid=700884,"{'id': 279, 'name': 'Amtico International AB', 'url': None}","{'code': '03104', 'name': 'Plastgolv'}","{'code': 'MFK.1', 'name': 'Beläggningar av matta eller plattor av plast utan krav på vattentäthet', 'aggregationName': None}","{'hasSubstancesCoveredByInformationRequirements': False, 'hasInformation': True, 'hasHealthAndEnvironmentalHazards': True, 'hasCircularity': True, 'hasRenewability': True, 'hasEnvironmentalEffects': True, 'hasEmissionsAndTests': True, 'hasArticleDocumentation': False, 'hasEpdDocumentation': False, 'hasBvdDocumentation': False, 'hasPbDocumentation': False, 'hasEmissionDocumentation': False, 'hasMhibetaDocumentation': False, 'hasSdbDocumentation': False, 'hasOtherDocumentation': False, 'hasCirculatedMaterials': True, 'hasReusability': False, 'hasReusabilityPercentage': False, 'hasRecyclability': False, 'hasRecyclabilityPercentage': False, 'hasCircularityBusinessModels': False, 'hasRenewableMaterials': True, 'hasBoverketEnvironmentalEffects': False, 'hasSwedishWoodArticle': False, 'hasEmissionsAndTestsVoc': True, 'hasEmissionsAndTestsFormaldehyde': True, 'hasEmissionsAndTestsCarcinogenic': True, 'hasEmissionsAndTestsLeaching': False}",2026-08-19T07:52:40.7,AS-33,probe-20260917-as33bastaprobe-2,2026-09-17,f195c5ac8c3129f49af7736cbab3ffe1e667b188a43dbeff37c15c5f12e0ffbb,42,19
700099,Signature Acoustic Grigio Classic Marble,AQ0SCA37CE.SK0BU," 3,5mm Thick, 1mm Wear Layer, 1mm Acoustic Foam Backing, (457.2mm x 152.4mm)",,Amtico Signature Acoustic,05023510156451,,,B-500254768-4,1,ALFA,[1],['ALFA'],,https://www.bastaonline.se/?aid=700099,"{'id': 279, 'name': 'Amtico International AB', 'url': None}","{'code': '03104', 'name': 'Plastgolv'}","{'code': 'MFK.1', 'name': 'Beläggningar av matta eller plattor av plast utan krav på vattentäthet', 'aggregationName': None}","{'hasSubstancesCoveredByInformationRequirements': False, 'hasInformation': True, 'hasHealthAndEnvironmentalHazards': True, 'hasCircularity': True, 'hasRenewability': True, 'hasEnvironmentalEffects': True, 'hasEmissionsAndTests': True, 'hasArticleDocumentation': False, 'hasEpdDocumentation': False, 'hasBvdDocumentation': False, 'hasPbDocumentation': False, 'hasEmissionDocumentation': False, 'hasMhibetaDocumentation': False, 'hasSdbDocumentation': False, 'hasOtherDocumentation': False, 'hasCirculatedMaterials': True, 'hasReusability': False, 'hasReusabilityPercentage': False, 'hasRecyclability': False, 'hasRecyclabilityPercentage': False, 'hasCircularityBusinessModels': False, 'hasRenewableMaterials': True, 'hasBoverketEnvironmentalEffects': False, 'hasSwedishWoodArticle': False, 'hasEmissionsAndTestsVoc': True, 'hasEmissionsAndTestsFormaldehyde': True, 'hasEmissionsAndTestsCarcinogenic': True, 'hasEmissionsAndTestsLeaching': False}",2026-08-19T07:52:18.01,AS-33,probe-20260917-as33bastaprobe-2,2026-09-17,f195c5ac8c3129f49af7736cbab3ffe1e667b188a43dbeff37c15c5f12e0ffbb,42,20
700053,Signature Acoustic Golden Oak,AQ0W7510WE.US0BU,"3,5mm Thick, 1mm Wear Layer, 1mm Acoustic Foam Backing, (609.6mm x 457.2mm)",,Amtico Signature Acoustic,05023510039914,,,B-500254768-4,1,ALFA,[1],['ALFA'],,https://www.bastaonline.se/?aid=700053,"{'id': 279, 'name': 'Amtico International AB', 'url': None}","{'code': '03104', 'name': 'Plastgolv'}","{'code': 'MFK.1', 'name': 'Beläggningar av matta eller plattor av plast utan krav på vattentäthet', 'aggregationName': None}","{'hasSubstancesCoveredByInformationRequirements': False, 'hasInformation': True, 'hasHealthAndEnvironmentalHazards': True, 'hasCircularity': True, 'hasRenewability': True, 'hasEnvironmentalEffects': True, 'hasEmissionsAndTests': True, 'hasArticleDocumentation': False, 'hasEpdDocumentation': False, 'hasBvdDocumentation': False, 'hasPbDocumentation': False, 'hasEmissionDocumentation': False, 'hasMhibetaDocumentation': False, 'hasSdbDocumentation': False, 'hasOtherDocumentation': False, 'hasCirculatedMaterials': True, 'hasReusability': False, 'hasReusabilityPercentage': False, 'hasRecyclability': False, 'hasRecyclabilityPercentage': False, 'hasCircularityBusinessModels': False, 'hasRenewableMaterials': True, 'hasBoverketEnvironmentalEffects': False, 'hasSwedishWoodArticle': False, 'hasEmissionsAndTestsVoc': True, 'hasEmissionsAndTestsFormaldehyde': True, 'hasEmissionsAndTestsCarcinogenic': True, 'hasEmissionsAndTestsLeaching': False}",2026-08-19T07:53:03.473,AS-33,probe-20260917-as33bastaprobe-2,2026-09-17,f195c5ac8c3129f49af7736cbab3ffe1e667b188a43dbeff37c15c5f12e0ffbb,42,21
700940,Signature Acoustic Verde Classic Marble,AQ0SCA87CE.WS0BU,"3,5mm Thick, 1mm Wear Layer, 1mm Acoustic Foam Backing, (914.4mm x 457.2mm)",,Amtico Signature Acoustic,05023510156789,,,B-500254768-4,1,ALFA,[1],['ALFA'],,https://www.bastaonline.se/?aid=700940,"{'id': 279, 'name': 'Amtico International AB', 'url': None}","{'code': '03104', 'name': 'Plastgolv'}","{'code': 'MFK.1', 'name': 'Beläggningar av matta eller plattor av plast utan krav på vattentäthet', 'aggregationName': None}","{'hasSubstancesCoveredByInformationRequirements': False, 'hasInformation': True, 'hasHealthAndEnvironmentalHazards': True, 'hasCircularity': True, 'hasRenewability': True, 'hasEnvironmentalEffects': True, 'hasEmissionsAndTests': True, 'hasArticleDocumentation': False, 'hasEpdDocumentation': False, 'hasBvdDocumentation': False, 'hasPbDocumentation': False, 'hasEmissionDocumentation': False, 'hasMhibetaDocumentation': False, 'hasSdbDocumentation': False, 'hasOtherDocumentation': False, 'hasCirculatedMaterials': True, 'hasReusability': False, 'hasReusabilityPercentage': False, 'hasRecyclability': False, 'hasRecyclabilityPercentage': False, 'hasCircularityBusinessModels': False, 'hasRenewableMaterials': True, 'hasBoverketEnvironmentalEffects': False, 'hasSwedishWoodArticle': False, 'hasEmissionsAndTestsVoc': True, 'hasEmissionsAndTestsFormaldehyde': True, 'hasEmissionsAndTestsCarcinogenic': True, 'hasEmissionsAndTestsLeaching': False}",2026-08-19T07:52:18.01,AS-33,probe-20260917-as33bastaprobe-2,2026-09-17,f195c5ac8c3129f49af7736cbab3ffe1e667b188a43dbeff37c15c5f12e0ffbb,42,22
700151,Signature Acoustic Helsinki,AQ0ACF90CE.WK0BU,"3,5mm Thick, 1mm Wear Layer, 1mm Acoustic Foam Backing, (914.4x152.4mm)",,Amtico Signature Acoustic,05023510151777,,,B-500254768-4,1,ALFA,[1],['ALFA'],,https://www.bastaonline.se/?aid=700151,"{'id': 279, 'name': 'Amtico International AB', 'url': None}","{'code': '03104', 'name': 'Plastgolv'}","{'code': 'MFK.1', 'name': 'Beläggningar av matta eller plattor av plast utan krav på vattentäthet', 'aggregationName': None}","{'hasSubstancesCoveredByInformationRequirements': False, 'hasInformation': True, 'hasHealthAndEnvironmentalHazards': True, 'hasCircularity': True, 'hasRenewability': True, 'hasEnvironmentalEffects': True, 'hasEmissionsAndTests': True, 'hasArticleDocumentation': False, 'hasEpdDocumentation': False, 'hasBvdDocumentation': False, 'hasPbDocumentation': False, 'hasEmissionDocumentation': False, 'hasMhibetaDocumentation': False, 'hasSdbDocumentation': False, 'hasOtherDocumentation': False, 'hasCirculatedMaterials': True, 'hasReusability': False, 'hasReusabilityPercentage': False, 'hasRecyclability': False, 'hasRecyclabilityPercentage': False, 'hasCircularityBusinessModels': False, 'hasRenewableMaterials': True, 'hasBoverketEnvironmentalEffects': False, 'hasSwedishWoodArticle': False, 'hasEmissionsAndTestsVoc': True, 'hasEmissionsAndTestsFormaldehyde': True, 'hasEmissionsAndTestsCarcinogenic': True, 'hasEmissionsAndTestsLeaching': False}",2026-08-19T07:52:18.01,AS-33,probe-20260917-as33bastaprobe-2,2026-09-17,f195c5ac8c3129f49af7736cbab3ffe1e667b188a43dbeff37c15c5f12e0ffbb,42,23
700178,Signature Acoustic Kentmere Slate,AQ0SSL37CT.PP0BU," 3,5mm Thick, 1mm Wear Layer, 1mm Acoustic Foam Backing, (304.8mm x 304.8mm)",,Amtico Signature Acoustic,05023510162308,,,B-500254768-4,1,ALFA,[1],['ALFA'],,https://www.bastaonline.se/?aid=700178,"{'id': 279, 'name': 'Amtico International AB', 'url': None}","{'code': '03104', 'name': 'Plastgolv'}","{'code': 'MFK.1', 'name': 'Beläggningar av matta eller plattor av plast utan krav på vattentäthet', 'aggregationName': None}","{'hasSubstancesCoveredByInformationRequirements': False, 'hasInformation': True, 'hasHealthAndEnvironmentalHazards': True, 'hasCircularity': True, 'hasRenewability': True, 'hasEnvironmentalEffects': True, 'hasEmissionsAndTests': True, 'hasArticleDocumentation': False, 'hasEpdDocumentation': False, 'hasBvdDocumentation': False, 'hasPbDocumentation': False, 'hasEmissionDocumentation': False, 'hasMhibetaDocumentation': False, 'hasSdbDocumentation': False, 'hasOtherDocumentation': False, 'hasCirculatedMaterials': True, 'hasReusability': False, 'hasReusabilityPercentage': False, 'hasRecyclability': False, 'hasRecyclabilityPercentage': False, 'hasCircularityBusinessModels': False, 'hasRenewableMaterials': True, 'hasBoverketEnvironmentalEffects': False, 'hasSwedishWoodArticle': False, 'hasEmissionsAndTestsVoc': True, 'hasEmissionsAndTestsFormaldehyde': True, 'hasEmissionsAndTestsCarcinogenic': True, 'hasEmissionsAndTestsLeaching': False}",2026-08-19T07:52:40.7,AS-33,probe-20260917-as33bastaprobe-2,2026-09-17,f195c5ac8c3129f49af7736cbab3ffe1e667b188a43dbeff37c15c5f12e0ffbb,42,24
700898,Signature Acoustic Tempus Soothe,AQ0STE31CE.WK0BU,"3,5mm Thick, 1mm Wear Layer, 1mm Acoustic Foam Backing, (914.4x152.4mm)",,Amtico Signature Acoustic,05023510162728,,,B-500254768-4,1,ALFA,[1],['ALFA'],,https://www.bastaonline.se/?aid=700898,"{'id': 279, 'name': 'Amtico International AB', 'url': None}","{'code': '03104', 'name': 'Plastgolv'}","{'code': 'MFK.1', 'name': 'Beläggningar av matta eller plattor av plast utan krav på vattentäthet', 'aggregationName': None}","{'hasSubstancesCoveredByInformationRequirements': False, 'hasInformation': True, 'hasHealthAndEnvironmentalHazards': True, 'hasCircularity': True, 'hasRenewability': True, 'hasEnvironmentalEffects': True, 'hasEmissionsAndTests': True, 'hasArticleDocumentation': False, 'hasEpdDocumentation': False, 'hasBvdDocumentation': False, 'hasPbDocumentation': False, 'hasEmissionDocumentation': False, 'hasMhibetaDocumentation': False, 'hasSdbDocumentation': False, 'hasOtherDocumentation': False, 'hasCirculatedMaterials': True, 'hasReusability': False, 'hasReusabilityPercentage': False, 'hasRecyclability': False, 'hasRecyclabilityPercentage': False, 'hasCircularityBusinessModels': False, 'hasRenewableMaterials': True, 'hasBoverketEnvironmentalEffects': False, 'hasSwedishWoodArticle': False, 'hasEmissionsAndTestsVoc': True, 'hasEmissionsAndTestsFormaldehyde': True, 'hasEmissionsAndTestsCarcinogenic': True, 'hasEmissionsAndTestsLeaching': False}",2026-08-19T07:52:40.7,AS-33,probe-20260917-as33bastaprobe-2,2026-09-17,f195c5ac8c3129f49af7736cbab3ffe1e667b188a43dbeff37c15c5f12e0ffbb,42,25
700840,Signature Acoustic Stucco Pebble,AQ0AUC38CE.PP0BU," 3,5mm Thick, 1mm Wear Layer, 1mm Acoustic Foam Backing, (304.8mm x 304.8mm)",,Amtico Signature Acoustic,05023510155065,,,B-500254768-4,1,ALFA,[1],['ALFA'],,https://www.bastaonline.se/?aid=700840,"{'id': 279, 'name': 'Amtico International AB', 'url': None}","{'code': '03104', 'name': 'Plastgolv'}","{'code': 'MFK.1', 'name': 'Beläggningar av matta eller plattor av plast utan krav på vattentäthet', 'aggregationName': None}","{'hasSubstancesCoveredByInformationRequirements': False, 'hasInformation': True, 'hasHealthAndEnvironmentalHazards': True, 'hasCircularity': True, 'hasRenewability': True, 'hasEnvironmentalEffects': True, 'hasEmissionsAndTests': True, 'hasArticleDocumentation': False, 'hasEpdDocumentation': False, 'hasBvdDocumentation': False, 'hasPbDocumentation': False, 'hasEmissionDocumentation': False, 'hasMhibetaDocumentation': False, 'hasSdbDocumentation': False, 'hasOtherDocumentation': False, 'hasCirculatedMaterials': True, 'hasReusability': False, 'hasReusabilityPercentage': False, 'hasRecyclability': False, 'hasRecyclabilityPercentage': False, 'hasCircularityBusinessModels': False, 'hasRenewableMaterials': True, 'hasBoverketEnvironmentalEffects': False, 'hasSwedishWoodArticle': False, 'hasEmissionsAndTestsVoc': True, 'hasEmissionsAndTestsFormaldehyde': True, 'hasEmissionsAndTestsCarcinogenic': True, 'hasEmissionsAndTestsLeaching': False}",2026-08-19T07:52:18.01,AS-33,probe-20260917-as33bastaprobe-2,2026-09-17,f195c5ac8c3129f49af7736cbab3ffe1e667b188a43dbeff37c15c5f12e0ffbb,42,26
700168,Signature Acoustic Ilmington Stone,AQ0SSC01CE.PP0BU," 3,5mm Thick, 1mm Wear Layer, 1mm Acoustic Foam Backing, (304.8mm x 304.8mm)",,Amtico Signature Acoustic,05023510161585,,,B-500254768-4,1,ALFA,[1],['ALFA'],,https://www.bastaonline.se/?aid=700168,"{'id': 279, 'name': 'Amtico International AB', 'url': None}","{'code': '03104', 'name': 'Plastgolv'}","{'code': 'MFK.1', 'name': 'Beläggningar av matta eller plattor av plast utan krav på vattentäthet', 'aggregationName': None}","{'hasSubstancesCoveredByInformationRequirements': False, 'hasInformation': True, 'hasHealthAndEnvironmentalHazards': True, 'hasCircularity': True, 'hasRenewability': True, 'hasEnvironmentalEffects': True, 'hasEmissionsAndTests': True, 'hasArticleDocumentation': False, 'hasEpdDocumentation': False, 'hasBvdDocumentation': False, 'hasPbDocumentation': False, 'hasEmissionDocumentation': False, 'hasMhibetaDocumentation': False, 'hasSdbDocumentation': False, 'hasOtherDocumentation': False, 'hasCirculatedMaterials': True, 'hasReusability': False, 'hasReusabilityPercentage': False, 'hasRecyclability': False, 'hasRecyclabilityPercentage': False, 'hasCircularityBusinessModels': False, 'hasRenewableMaterials': True, 'hasBoverketEnvironmentalEffects': False, 'hasSwedishWoodArticle': False, 'hasEmissionsAndTestsVoc': True, 'hasEmissionsAndTestsFormaldehyde': True, 'hasEmissionsAndTestsCarcinogenic': True, 'hasEmissionsAndTestsLeaching': False}",2026-08-19T07:52:40.7,AS-33,probe-20260917-as33bastaprobe-2,2026-09-17,f195c5ac8c3129f49af7736cbab3ffe1e667b188a43dbeff37c15c5f12e0ffbb,42,27
700816,Signature Acoustic Stucco Mist,AQ0AUC93CE.WW0BU,"3,5mm Thick, 1mm Wear Layer, 1mm Acoustic Foam Backing, (914.4mm x 914.4mm)",,Amtico Signature Acoustic,05023510156109,,,B-500254768-4,1,ALFA,[1],['ALFA'],,https://www.bastaonline.se/?aid=700816,"{'id': 279, 'name': 'Amtico International AB', 'url': None}","{'code': '03104', 'name': 'Plastgolv'}","{'code': 'MFK.1', 'name': 'Beläggningar av matta eller plattor av plast utan krav på vattentäthet', 'aggregationName': None}","{'hasSubstancesCoveredByInformationRequirements': False, 'hasInformation': True, 'hasHealthAndEnvironmentalHazards': True, 'hasCircularity': True, 'hasRenewability': True, 'hasEnvironmentalEffects': True, 'hasEmissionsAndTests': True, 'hasArticleDocumentation': False, 'hasEpdDocumentation': False, 'hasBvdDocumentation': False, 'hasPbDocumentation': False, 'hasEmissionDocumentation': False, 'hasMhibetaDocumentation': False, 'hasSdbDocumentation': False, 'hasOtherDocumentation': False, 'hasCirculatedMaterials': True, 'hasReusability': False, 'hasReusabilityPercentage': False, 'hasRecyclability': False, 'hasRecyclabilityPercentage': False, 'hasCircularityBusinessModels': False, 'hasRenewableMaterials': True, 'hasBoverketEnvironmentalEffects': False, 'hasSwedishWoodArticle': False, 'hasEmissionsAndTestsVoc': True, 'hasEmissionsAndTestsFormaldehyde': True, 'hasEmissionsAndTestsCarcinogenic': True, 'hasEmissionsAndTestsLeaching': False}",2026-08-19T07:52:18.01,AS-33,probe-20260917-as33bastaprobe-2,2026-09-17,f195c5ac8c3129f49af7736cbab3ffe1e667b188a43dbeff37c15c5f12e0ffbb,42,28
700803,Signature Acoustic Stucco Indigo,AQ0AUC91CE.SS0BU," 3,5mm Thick, 1mm Wear Layer, 1mm Acoustic Foam Backing, (457.2mm x 457.2mm)",,Amtico Signature Acoustic,05023510155843,,,B-500254768-4,1,ALFA,[1],['ALFA'],,https://www.bastaonline.se/?aid=700803,"{'id': 279, 'name': 'Amtico International AB', 'url': None}","{'code': '03104', 'name': 'Plastgolv'}","{'code': 'MFK.1', 'name': 'Beläggningar av matta eller plattor av plast utan krav på vattentäthet', 'aggregationName': None}","{'hasSubstancesCoveredByInformationRequirements': False, 'hasInformation': True, 'hasHealthAndEnvironmentalHazards': True, 'hasCircularity': True, 'hasRenewability': True, 'hasEnvironmentalEffects': True, 'hasEmissionsAndTests': True, 'hasArticleDocumentation': False, 'hasEpdDocumentation': False, 'hasBvdDocumentation': False, 'hasPbDocumentation': False, 'hasEmissionDocumentation': False, 'hasMhibetaDocumentation': False, 'hasSdbDocumentation': False, 'hasOtherDocumentation': False, 'hasCirculatedMaterials': True, 'hasReusability': False, 'hasReusabilityPercentage': False, 'hasRecyclability': False, 'hasRecyclabilityPercentage': False, 'hasCircularityBusinessModels': False, 'hasRenewableMaterials': True, 'hasBoverketEnvironmentalEffects': False, 'hasSwedishWoodArticle': False, 'hasEmissionsAndTestsVoc': True, 'hasEmissionsAndTestsFormaldehyde': True, 'hasEmissionsAndTestsCarcinogenic': True, 'hasEmissionsAndTestsLeaching': False}",2026-08-19T07:52:18.01,AS-33,probe-20260917-as33bastaprobe-2,2026-09-17,f195c5ac8c3129f49af7736cbab3ffe1e667b188a43dbeff37c15c5f12e0ffbb,42,29
700109,Signature Acoustic Grizedale Oak,AQ0W8830WS.WG0BU,"3,5mm Thick, 1mm Wear Layer, 1mm Acoustic Foam Backing, (914.4mm x 114.3mm)",,Amtico Signature Acoustic,05023510172703,,,B-500254768-4,1,ALFA,[1],['ALFA'],,https://www.bastaonline.se/?aid=700109,"{'id': 279, 'name': 'Amtico International AB', 'url': None}","{'code': '03104', 'name': 'Plastgolv'}","{'code': 'MFK.1', 'name': 'Beläggningar av matta eller plattor av plast utan krav på vattentäthet', 'aggregationName': None}","{'hasSubstancesCoveredByInformationRequirements': False, 'hasInformation': True, 'hasHealthAndEnvironmentalHazards': True, 'hasCircularity': True, 'hasRenewability': True, 'hasEnvironmentalEffects': True, 'hasEmissionsAndTests': True, 'hasArticleDocumentation': False, 'hasEpdDocumentation': False, 'hasBvdDocumentation': False, 'hasPbDocumentation': False, 'hasEmissionDocumentation': False, 'hasMhibetaDocumentation': False, 'hasSdbDocumentation': False, 'hasOtherDocumentation': False, 'hasCirculatedMaterials': True, 'hasReusability': False, 'hasReusabilityPercentage': False, 'hasRecyclability': False, 'hasRecyclabilityPercentage': False, 'hasCircularityBusinessModels': False, 'hasRenewableMaterials': True, 'hasBoverketEnvironmentalEffects': False, 'hasSwedishWoodArticle': False, 'hasEmissionsAndTestsVoc': True, 'hasEmissionsAndTestsFormaldehyde': True, 'hasEmissionsAndTestsCarcinogenic': True, 'hasEmissionsAndTestsLeaching': False}",2026-08-19T07:53:17.51,AS-33,probe-20260917-as33bastaprobe-2,2026-09-17,f195c5ac8c3129f49af7736cbab3ffe1e667b188a43dbeff37c15c5f12e0ffbb,42,30
700852,Signature Acoustic Stucco Putty,AQ0AUC30CE.WK0BU,"3,5mm Thick, 1mm Wear Layer, 1mm Acoustic Foam Backing, (914.4x152.4mm)",,Amtico Signature Acoustic,05023510154921,,,B-500254768-4,1,ALFA,[1],['ALFA'],,https://www.bastaonline.se/?aid=700852,"{'id': 279, 'name': 'Amtico International AB', 'url': None}","{'code': '03104', 'name': 'Plastgolv'}","{'code': 'MFK.1', 'name': 'Beläggningar av matta eller plattor av plast utan krav på vattentäthet', 'aggregationName': None}","{'hasSubstancesCoveredByInformationRequirements': False, 'hasInformation': True, 'hasHealthAndEnvironmentalHazards': True, 'hasCircularity': True, 'hasRenewability': True, 'hasEnvironmentalEffects': True, 'hasEmissionsAndTests': True, 'hasArticleDocumentation': False, 'hasEpdDocumentation': False, 'hasBvdDocumentation': False, 'hasPbDocumentation': False, 'hasEmissionDocumentation': False, 'hasMhibetaDocumentation': False, 'hasSdbDocumentation': False, 'hasOtherDocumentation': False, 'hasCirculatedMaterials': True, 'hasReusability': False, 'hasReusabilityPercentage': False, 'hasRecyclability': False, 'hasRecyclabilityPercentage': False, 'hasCircularityBusinessModels': False, 'hasRenewableMaterials': True, 'hasBoverketEnvironmentalEffects': False, 'hasSwedishWoodArticle': False, 'hasEmissionsAndTestsVoc': True, 'hasEmissionsAndTestsFormaldehyde': True, 'hasEmissionsAndTestsCarcinogenic': True, 'hasEmissionsAndTestsLeaching': False}",2026-08-19T07:52:18.01,AS-33,probe-20260917-as33bastaprobe-2,2026-09-17,f195c5ac8c3129f49af7736cbab3ffe1e667b188a43dbeff37c15c5f12e0ffbb,42,31
700867,Signature Acoustic Stucco Roselle,AQ0AUC51CE.WG0BU,"3,5mm Thick, 1mm Wear Layer, 1mm Acoustic Foam Backing, (914.4mm x 114.3mm)",,Amtico Signature Acoustic,05023510155485,,,B-500254768-4,1,ALFA,[1],['ALFA'],,https://www.bastaonline.se/?aid=700867,"{'id': 279, 'name': 'Amtico International AB', 'url': None}","{'code': '03104', 'name': 'Plastgolv'}","{'code': 'MFK.1', 'name': 'Beläggningar av matta eller plattor av plast utan krav på vattentäthet', 'aggregationName': None}","{'hasSubstancesCoveredByInformationRequirements': False, 'hasInformation': True, 'hasHealthAndEnvironmentalHazards': True, 'hasCircularity': True, 'hasRenewability': True, 'hasEnvironmentalEffects': True, 'hasEmissionsAndTests': True, 'hasArticleDocumentation': False, 'hasEpdDocumentation': False, 'hasBvdDocumentation': False, 'hasPbDocumentation': False, 'hasEmissionDocumentation': False, 'hasMhibetaDocumentation': False, 'hasSdbDocumentation': False, 'hasOtherDocumentation': False, 'hasCirculatedMaterials': True, 'hasReusability': False, 'hasReusabilityPercentage': False, 'hasRecyclability': False, 'hasRecyclabilityPercentage': False, 'hasCircularityBusinessModels': False, 'hasRenewableMaterials': True, 'hasBoverketEnvironmentalEffects': False, 'hasSwedishWoodArticle': False, 'hasEmissionsAndTestsVoc': True, 'hasEmissionsAndTestsFormaldehyde': True, 'hasEmissionsAndTestsCarcinogenic': True, 'hasEmissionsAndTestsLeaching': False}",2026-08-19T07:52:18.01,AS-33,probe-20260917-as33bastaprobe-2,2026-09-17,f195c5ac8c3129f49af7736cbab3ffe1e667b188a43dbeff37c15c5f12e0ffbb,42,32
700137,Signature Acoustic Harbour Pine,AQ0W7990WE.WG0BU,"3,5mm Thick, 1mm Wear Layer, 1mm Acoustic Foam Backing, (914.4mm x 114.3mm)",,Amtico Signature Acoustic,05023510169291,,,B-500254768-4,1,ALFA,[1],['ALFA'],,https://www.bastaonline.se/?aid=700137,"{'id': 279, 'name': 'Amtico International AB', 'url': None}","{'code': '03104', 'name': 'Plastgolv'}","{'code': 'MFK.1', 'name': 'Beläggningar av matta eller plattor av plast utan krav på vattentäthet', 'aggregationName': None}","{'hasSubstancesCoveredByInformationRequirements': False, 'hasInformation': True, 'hasHealthAndEnvironmentalHazards': True, 'hasCircularity': True, 'hasRenewability': True, 'hasEnvironmentalEffects': True, 'hasEmissionsAndTests': True, 'hasArticleDocumentation': False, 'hasEpdDocumentation': False, 'hasBvdDocumentation': False, 'hasPbDocumentation': False, 'hasEmissionDocumentation': False, 'hasMhibetaDocumentation': False, 'hasSdbDocumentation': False, 'hasOtherDocumentation': False, 'hasCirculatedMaterials': True, 'hasReusability': False, 'hasReusabilityPercentage': False, 'hasRecyclability': False, 'hasRecyclabilityPercentage': False, 'hasCircularityBusinessModels': False, 'hasRenewableMaterials': True, 'hasBoverketEnvironmentalEffects': False, 'hasSwedishWoodArticle': False, 'hasEmissionsAndTestsVoc': True, 'hasEmissionsAndTestsFormaldehyde': True, 'hasEmissionsAndTestsCarcinogenic': True, 'hasEmissionsAndTestsLeaching': False}",2026-08-19T07:53:03.473,AS-33,probe-20260917-as33bastaprobe-2,2026-09-17,f195c5ac8c3129f49af7736cbab3ffe1e667b188a43dbeff37c15c5f12e0ffbb,42,33
700129,Signature Acoustic Harbour Pine,AQ0W7990WE.SP0BU," 3,5mm Thick, 1mm Wear Layer, 1mm Acoustic Foam Backing, (457.2mm x 304.8mm)",,Amtico Signature Acoustic,05023510169253,,,B-500254768-4,1,ALFA,[1],['ALFA'],,https://www.bastaonline.se/?aid=700129,"{'id': 279, 'name': 'Amtico International AB', 'url': None}","{'code': '03104', 'name': 'Plastgolv'}","{'code': 'MFK.1', 'name': 'Beläggningar av matta eller plattor av plast utan krav på vattentäthet', 'aggregationName': None}","{'hasSubstancesCoveredByInformationRequirements': False, 'hasInformation': True, 'hasHealthAndEnvironmentalHazards': True, 'hasCircularity': True, 'hasRenewability': True, 'hasEnvironmentalEffects': True, 'hasEmissionsAndTests': True, 'hasArticleDocumentation': False, 'hasEpdDocumentation': False, 'hasBvdDocumentation': False, 'hasPbDocumentation': False, 'hasEmissionDocumentation': False, 'hasMhibetaDocumentation': False, 'hasSdbDocumentation': False, 'hasOtherDocumentation': False, 'hasCirculatedMaterials': True, 'hasReusability': False, 'hasReusabilityPercentage': False, 'hasRecyclability': False, 'hasRecyclabilityPercentage': False, 'hasCircularityBusinessModels': False, 'hasRenewableMaterials': True, 'hasBoverketEnvironmentalEffects': False, 'hasSwedishWoodArticle': False, 'hasEmissionsAndTestsVoc': True, 'hasEmissionsAndTestsFormaldehyde': True, 'hasEmissionsAndTestsCarcinogenic': True, 'hasEmissionsAndTestsLeaching': False}",2026-08-19T07:53:03.473,AS-33,probe-20260917-as33bastaprobe-2,2026-09-17,f195c5ac8c3129f49af7736cbab3ffe1e667b188a43dbeff37c15c5f12e0ffbb,42,34
700856,Signature Acoustic Stucco Quartz,AQ0AUC15CE.SP0BU," 3,5mm Thick, 1mm Wear Layer, 1mm Acoustic Foam Backing, (457.2mm x 304.8mm)",,Amtico Signature Acoustic,05023510154761,,,B-500254768-4,1,ALFA,[1],['ALFA'],,https://www.bastaonline.se/?aid=700856,"{'id': 279, 'name': 'Amtico International AB', 'url': None}","{'code': '03104', 'name': 'Plastgolv'}","{'code': 'MFK.1', 'name': 'Beläggningar av matta eller plattor av plast utan krav på vattentäthet', 'aggregationName': None}","{'hasSubstancesCoveredByInformationRequirements': False, 'hasInformation': True, 'hasHealthAndEnvironmentalHazards': True, 'hasCircularity': True, 'hasRenewability': True, 'hasEnvironmentalEffects': True, 'hasEmissionsAndTests': True, 'hasArticleDocumentation': False, 'hasEpdDocumentation': False, 'hasBvdDocumentation': False, 'hasPbDocumentation': False, 'hasEmissionDocumentation': False, 'hasMhibetaDocumentation': False, 'hasSdbDocumentation': False, 'hasOtherDocumentation': False, 'hasCirculatedMaterials': True, 'hasReusability': False, 'hasReusabilityPercentage': False, 'hasRecyclability': False, 'hasRecyclabilityPercentage': False, 'hasCircularityBusinessModels': False, 'hasRenewableMaterials': True, 'hasBoverketEnvironmentalEffects': False, 'hasSwedishWoodArticle': False, 'hasEmissionsAndTestsVoc': True, 'hasEmissionsAndTestsFormaldehyde': True, 'hasEmissionsAndTestsCarcinogenic': True, 'hasEmissionsAndTestsLeaching': False}",2026-08-19T07:52:18.01,AS-33,probe-20260917-as33bastaprobe-2,2026-09-17,f195c5ac8c3129f49af7736cbab3ffe1e667b188a43dbeff37c15c5f12e0ffbb,42,35
700096,Signature Acoustic Grey Burnished Metal,AQ0ARH13CE.WS0BU,"3,5mm Thick, 1mm Wear Layer, 1mm Acoustic Foam Backing, (914.4mm x 457.2mm)",,Amtico Signature Acoustic,05023510154259,,,B-500254768-4,1,ALFA,[1],['ALFA'],,https://www.bastaonline.se/?aid=700096,"{'id': 279, 'name': 'Amtico International AB', 'url': None}","{'code': '03104', 'name': 'Plastgolv'}","{'code': 'MFK.1', 'name': 'Beläggningar av matta eller plattor av plast utan krav på vattentäthet', 'aggregationName': None}","{'hasSubstancesCoveredByInformationRequirements': False, 'hasInformation': True, 'hasHealthAndEnvironmentalHazards': True, 'hasCircularity': True, 'hasRenewability': True, 'hasEnvironmentalEffects': True, 'hasEmissionsAndTests': True, 'hasArticleDocumentation': False, 'hasEpdDocumentation': False, 'hasBvdDocumentation': False, 'hasPbDocumentation': False, 'hasEmissionDocumentation': False, 'hasMhibetaDocumentation': False, 'hasSdbDocumentation': False, 'hasOtherDocumentation': False, 'hasCirculatedMaterials': True, 'hasReusability': False, 'hasReusabilityPercentage': False, 'hasRecyclability': False, 'hasRecyclabilityPercentage': False, 'hasCircularityBusinessModels': False, 'hasRenewableMaterials': True, 'hasBoverketEnvironmentalEffects': False, 'hasSwedishWoodArticle': False, 'hasEmissionsAndTestsVoc': True, 'hasEmissionsAndTestsFormaldehyde': True, 'hasEmissionsAndTestsCarcinogenic': True, 'hasEmissionsAndTestsLeaching': False}",2026-08-19T07:52:18.01,AS-33,probe-20260917-as33bastaprobe-2,2026-09-17,f195c5ac8c3129f49af7736cbab3ffe1e667b188a43dbeff37c15c5f12e0ffbb,42,36
700796,Signature Acoustic Stucco Huckleberry,AQ0AUC92CE.WK0BU,"3,5mm Thick, 1mm Wear Layer, 1mm Acoustic Foam Backing, (914.4x152.4mm)",,Amtico Signature Acoustic,05023510155973,,,B-500254768-4,1,ALFA,[1],['ALFA'],,https://www.bastaonline.se/?aid=700796,"{'id': 279, 'name': 'Amtico International AB', 'url': None}","{'code': '03104', 'name': 'Plastgolv'}","{'code': 'MFK.1', 'name': 'Beläggningar av matta eller plattor av plast utan krav på vattentäthet', 'aggregationName': None}","{'hasSubstancesCoveredByInformationRequirements': False, 'hasInformation': True, 'hasHealthAndEnvironmentalHazards': True, 'hasCircularity': True, 'hasRenewability': True, 'hasEnvironmentalEffects': True, 'hasEmissionsAndTests': True, 'hasArticleDocumentation': False, 'hasEpdDocumentation': False, 'hasBvdDocumentation': False, 'hasPbDocumentation': False, 'hasEmissionDocumentation': False, 'hasMhibetaDocumentation': False, 'hasSdbDocumentation': False, 'hasOtherDocumentation': False, 'hasCirculatedMaterials': True, 'hasReusability': False, 'hasReusabilityPercentage': False, 'hasRecyclability': False, 'hasRecyclabilityPercentage': False, 'hasCircularityBusinessModels': False, 'hasRenewableMaterials': True, 'hasBoverketEnvironmentalEffects': False, 'hasSwedishWoodArticle': False, 'hasEmissionsAndTestsVoc': True, 'hasEmissionsAndTestsFormaldehyde': True, 'hasEmissionsAndTestsCarcinogenic': True, 'hasEmissionsAndTestsLeaching': False}",2026-08-19T07:52:18.01,AS-33,probe-20260917-as33bastaprobe-2,2026-09-17,f195c5ac8c3129f49af7736cbab3ffe1e667b188a43dbeff37c15c5f12e0ffbb,42,37
700854,Signature Acoustic Stucco Quartz,AQ0AUC15CE.PP0BU," 3,5mm Thick, 1mm Wear Layer, 1mm Acoustic Foam Backing, (304.8mm x 304.8mm)",,Amtico Signature Acoustic,05023510154747,,,B-500254768-4,1,ALFA,[1],['ALFA'],,https://www.bastaonline.se/?aid=700854,"{'id': 279, 'name': 'Amtico International AB', 'url': None}","{'code': '03104', 'name': 'Plastgolv'}","{'code': 'MFK.1', 'name': 'Beläggningar av matta eller plattor av plast utan krav på vattentäthet', 'aggregationName': None}","{'hasSubstancesCoveredByInformationRequirements': False, 'hasInformation': True, 'hasHealthAndEnvironmentalHazards': True, 'hasCircularity': True, 'hasRenewability': True, 'hasEnvironmentalEffects': True, 'hasEmissionsAndTests': True, 'hasArticleDocumentation': False, 'hasEpdDocumentation': False, 'hasBvdDocumentation': False, 'hasPbDocumentation': False, 'hasEmissionDocumentation': False, 'hasMhibetaDocumentation': False, 'hasSdbDocumentation': False, 'hasOtherDocumentation': False, 'hasCirculatedMaterials': True, 'hasReusability': False, 'hasReusabilityPercentage': False, 'hasRecyclability': False, 'hasRecyclabilityPercentage': False, 'hasCircularityBusinessModels': False, 'hasRenewableMaterials': True, 'hasBoverketEnvironmentalEffects': False, 'hasSwedishWoodArticle': False, 'hasEmissionsAndTestsVoc': True, 'hasEmissionsAndTestsFormaldehyde': True, 'hasEmissionsAndTestsCarcinogenic': True, 'hasEmissionsAndTestsLeaching': False}",2026-08-19T07:52:18.01,AS-33,probe-20260917-as33bastaprobe-2,2026-09-17,f195c5ac8c3129f49af7736cbab3ffe1e667b188a43dbeff37c15c5f12e0ffbb,42,38
700805,Signature Acoustic Stucco Indigo,AQ0AUC91CE.WK0BU,"3,5mm Thick, 1mm Wear Layer, 1mm Acoustic Foam Backing, (914.4x152.4mm)",,Amtico Signature Acoustic,05023510155867,,,B-500254768-4,1,ALFA,[1],['ALFA'],,https://www.bastaonline.se/?aid=700805,"{'id': 279, 'name': 'Amtico International AB', 'url': None}","{'code': '03104', 'name': 'Plastgolv'}","{'code': 'MFK.1', 'name': 'Beläggningar av matta eller plattor av plast utan krav på vattentäthet', 'aggregationName': None}","{'hasSubstancesCoveredByInformationRequirements': False, 'hasInformation': True, 'hasHealthAndEnvironmentalHazards': True, 'hasCircularity': True, 'hasRenewability': True, 'hasEnvironmentalEffects': True, 'hasEmissionsAndTests': True, 'hasArticleDocumentation': False, 'hasEpdDocumentation': False, 'hasBvdDocumentation': False, 'hasPbDocumentation': False, 'hasEmissionDocumentation': False, 'hasMhibetaDocumentation': False, 'hasSdbDocumentation': False, 'hasOtherDocumentation': False, 'hasCirculatedMaterials': True, 'hasReusability': False, 'hasReusabilityPercentage': False, 'hasRecyclability': False, 'hasRecyclabilityPercentage': False, 'hasCircularityBusinessModels': False, 'hasRenewableMaterials': True, 'hasBoverketEnvironmentalEffects': False, 'hasSwedishWoodArticle': False, 'hasEmissionsAndTestsVoc': True, 'hasEmissionsAndTestsFormaldehyde': True, 'hasEmissionsAndTestsCarcinogenic': True, 'hasEmissionsAndTestsLeaching': False}",2026-08-19T07:52:18.01,AS-33,probe-20260917-as33bastaprobe-2,2026-09-17,f195c5ac8c3129f49af7736cbab3ffe1e667b188a43dbeff37c15c5f12e0ffbb,42,39
700117,Signature Acoustic Hamsterley Oak,AQ0W8770WS.YM0BU," 3,5mm Thick, 1mm Wear Layer, 1mm Acoustic Foam Backing, (1219.2mm x 228.6mm)",,Amtico Signature Acoustic,05023510172536,,,B-500254768-4,1,ALFA,[1],['ALFA'],,https://www.bastaonline.se/?aid=700117,"{'id': 279, 'name': 'Amtico International AB', 'url': None}","{'code': '03104', 'name': 'Plastgolv'}","{'code': 'MFK.1', 'name': 'Beläggningar av matta eller plattor av plast utan krav på vattentäthet', 'aggregationName': None}","{'hasSubstancesCoveredByInformationRequirements': False, 'hasInformation': True, 'hasHealthAndEnvironmentalHazards': True, 'hasCircularity': True, 'hasRenewability': True, 'hasEnvironmentalEffects': True, 'hasEmissionsAndTests': True, 'hasArticleDocumentation': False, 'hasEpdDocumentation': False, 'hasBvdDocumentation': False, 'hasPbDocumentation': False, 'hasEmissionDocumentation': False, 'hasMhibetaDocumentation': False, 'hasSdbDocumentation': False, 'hasOtherDocumentation': False, 'hasCirculatedMaterials': True, 'hasReusability': False, 'hasReusabilityPercentage': False, 'hasRecyclability': False, 'hasRecyclabilityPercentage': False, 'hasCircularityBusinessModels': False, 'hasRenewableMaterials': True, 'hasBoverketEnvironmentalEffects': False, 'hasSwedishWoodArticle': False, 'hasEmissionsAndTestsVoc': True, 'hasEmissionsAndTestsFormaldehyde': True, 'hasEmissionsAndTestsCarcinogenic': True, 'hasEmissionsAndTestsLeaching': False}",2026-08-19T07:53:17.51,AS-33,probe-20260917-as33bastaprobe-2,2026-09-17,f195c5ac8c3129f49af7736cbab3ffe1e667b188a43dbeff37c15c5f12e0ffbb,42,40
700804,Signature Acoustic Stucco Indigo,AQ0AUC91CE.UP0BU,"3,5mm Thick, 1mm Wear Layer, 1mm Acoustic Foam Backing, (609.6mm x 304.8mm)",,Amtico Signature Acoustic,05023510155850,,,B-500254768-4,1,ALFA,[1],['ALFA'],,https://www.bastaonline.se/?aid=700804,"{'id': 279, 'name': 'Amtico International AB', 'url': None}","{'code': '03104', 'name': 'Plastgolv'}","{'code': 'MFK.1', 'name': 'Beläggningar av matta eller plattor av plast utan krav på vattentäthet', 'aggregationName': None}","{'hasSubstancesCoveredByInformationRequirements': False, 'hasInformation': True, 'hasHealthAndEnvironmentalHazards': True, 'hasCircularity': True, 'hasRenewability': True, 'hasEnvironmentalEffects': True, 'hasEmissionsAndTests': True, 'hasArticleDocumentation': False, 'hasEpdDocumentation': False, 'hasBvdDocumentation': False, 'hasPbDocumentation': False, 'hasEmissionDocumentation': False, 'hasMhibetaDocumentation': False, 'hasSdbDocumentation': False, 'hasOtherDocumentation': False, 'hasCirculatedMaterials': True, 'hasReusability': False, 'hasReusabilityPercentage': False, 'hasRecyclability': False, 'hasRecyclabilityPercentage': False, 'hasCircularityBusinessModels': False, 'hasRenewableMaterials': True, 'hasBoverketEnvironmentalEffects': False, 'hasSwedishWoodArticle': False, 'hasEmissionsAndTestsVoc': True, 'hasEmissionsAndTestsFormaldehyde': True, 'hasEmissionsAndTestsCarcinogenic': True, 'hasEmissionsAndTestsLeaching': False}",2026-08-19T07:52:18.01,AS-33,probe-20260917-as33bastaprobe-2,2026-09-17,f195c5ac8c3129f49af7736cbab3ffe1e667b188a43dbeff37c15c5f12e0ffbb,42,41
700190,Signature Acoustic Kura Anise,AQ0SKU39CE.YS0BU," 3,5mm Thick, 1mm Wear Layer, 1mm Acoustic Foam Backing, (1219.2mm x 457.2mm)",,Amtico Signature Acoustic,05023510032144,,,B-500254768-4,1,ALFA,[1],['ALFA'],,https://www.bastaonline.se/?aid=700190,"{'id': 279, 'name': 'Amtico International AB', 'url': None}","{'code': '03104', 'name': 'Plastgolv'}","{'code': 'MFK.1', 'name': 'Beläggningar av matta eller plattor av plast utan krav på vattentäthet', 'aggregationName': None}","{'hasSubstancesCoveredByInformationRequirements': False, 'hasInformation': True, 'hasHealthAndEnvironmentalHazards': True, 'hasCircularity': True, 'hasRenewability': True, 'hasEnvironmentalEffects': True, 'hasEmissionsAndTests': True, 'hasArticleDocumentation': False, 'hasEpdDocumentation': False, 'hasBvdDocumentation': False, 'hasPbDocumentation': False, 'hasEmissionDocumentation': False, 'hasMhibetaDocumentation': False, 'hasSdbDocumentation': False, 'hasOtherDocumentation': False, 'hasCirculatedMaterials': True, 'hasReusability': False, 'hasReusabilityPercentage': False, 'hasRecyclability': False, 'hasRecyclabilityPercentage': False, 'hasCircularityBusinessModels': False, 'hasRenewableMaterials': True, 'hasBoverketEnvironmentalEffects': False, 'hasSwedishWoodArticle': False, 'hasEmissionsAndTestsVoc': True, 'hasEmissionsAndTestsFormaldehyde': True, 'hasEmissionsAndTestsCarcinogenic': True, 'hasEmissionsAndTestsLeaching': False}",2026-08-19T07:52:18.01,AS-33,probe-20260917-as33bastaprobe-2,2026-09-17,f195c5ac8c3129f49af7736cbab3ffe1e667b188a43dbeff37c15c5f12e0ffbb,42,42
700821,Signature Acoustic Stucco Nutmeg,AQ0AUC89CE.SS0BU," 3,5mm Thick, 1mm Wear Layer, 1mm Acoustic Foam Backing, (457.2mm x 457.2mm)",,Amtico Signature Acoustic,05023510155737,,,B-500254768-4,1,ALFA,[1],['ALFA'],,https://www.bastaonline.se/?aid=700821,"{'id': 279, 'name': 'Amtico International AB', 'url': None}","{'code': '03104', 'name': 'Plastgolv'}","{'code': 'MFK.1', 'name': 'Beläggningar av matta eller plattor av plast utan krav på vattentäthet', 'aggregationName': None}","{'hasSubstancesCoveredByInformationRequirements': False, 'hasInformation': True, 'hasHealthAndEnvironmentalHazards': True, 'hasCircularity': True, 'hasRenewability': True, 'hasEnvironmentalEffects': True, 'hasEmissionsAndTests': True, 'hasArticleDocumentation': False, 'hasEpdDocumentation': False, 'hasBvdDocumentation': False, 'hasPbDocumentation': False, 'hasEmissionDocumentation': False, 'hasMhibetaDocumentation': False, 'hasSdbDocumentation': False, 'hasOtherDocumentation': False, 'hasCirculatedMaterials': True, 'hasReusability': False, 'hasReusabilityPercentage': False, 'hasRecyclability': False, 'hasRecyclabilityPercentage': False, 'hasCircularityBusinessModels': False, 'hasRenewableMaterials': True, 'hasBoverketEnvironmentalEffects': False, 'hasSwedishWoodArticle': False, 'hasEmissionsAndTestsVoc': True, 'hasEmissionsAndTestsFormaldehyde': True, 'hasEmissionsAndTestsCarcinogenic': True, 'hasEmissionsAndTestsLeaching': False}",2026-08-19T07:52:18.01,AS-33,probe-20260917-as33bastaprobe-2,2026-09-17,f195c5ac8c3129f49af7736cbab3ffe1e667b188a43dbeff37c15c5f12e0ffbb,42,43
700145,Signature Acoustic Harbour Pine,AQ0W7990WE.WB0BU,"3,5mm Thick, 1mm Wear Layer, 1mm Acoustic Foam Backing, (914.mm 4x 76.2mm)",,Amtico Signature Acoustic,05023510169284,,,B-500254768-4,1,ALFA,[1],['ALFA'],,https://www.bastaonline.se/?aid=700145,"{'id': 279, 'name': 'Amtico International AB', 'url': None}","{'code': '03104', 'name': 'Plastgolv'}","{'code': 'MFK.1', 'name': 'Beläggningar av matta eller plattor av plast utan krav på vattentäthet', 'aggregationName': None}","{'hasSubstancesCoveredByInformationRequirements': False, 'hasInformation': True, 'hasHealthAndEnvironmentalHazards': True, 'hasCircularity': True, 'hasRenewability': True, 'hasEnvironmentalEffects': True, 'hasEmissionsAndTests': True, 'hasArticleDocumentation': False, 'hasEpdDocumentation': False, 'hasBvdDocumentation': False, 'hasPbDocumentation': False, 'hasEmissionDocumentation': False, 'hasMhibetaDocumentation': False, 'hasSdbDocumentation': False, 'hasOtherDocumentation': False, 'hasCirculatedMaterials': True, 'hasReusability': False, 'hasReusabilityPercentage': False, 'hasRecyclability': False, 'hasRecyclabilityPercentage': False, 'hasCircularityBusinessModels': False, 'hasRenewableMaterials': True, 'hasBoverketEnvironmentalEffects': False, 'hasSwedishWoodArticle': False, 'hasEmissionsAndTestsVoc': True, 'hasEmissionsAndTestsFormaldehyde': True, 'hasEmissionsAndTestsCarcinogenic': True, 'hasEmissionsAndTestsLeaching': False}",2026-08-19T07:53:03.473,AS-33,probe-20260917-as33bastaprobe-2,2026-09-17,f195c5ac8c3129f49af7736cbab3ffe1e667b188a43dbeff37c15c5f12e0ffbb,42,44
700090,Signature Acoustic Grey Burnished Metal,AQ0ARH13CE.SP0BU," 3,5mm Thick, 1mm Wear Layer, 1mm Acoustic Foam Backing, (457.2mm x 304.8mm)",,Amtico Signature Acoustic,05023510154198,,,B-500254768-4,1,ALFA,[1],['ALFA'],,https://www.bastaonline.se/?aid=700090,"{'id': 279, 'name': 'Amtico International AB', 'url': None}","{'code': '03104', 'name': 'Plastgolv'}","{'code': 'MFK.1', 'name': 'Beläggningar av matta eller plattor av plast utan krav på vattentäthet', 'aggregationName': None}","{'hasSubstancesCoveredByInformationRequirements': False, 'hasInformation': True, 'hasHealthAndEnvironmentalHazards': True, 'hasCircularity': True, 'hasRenewability': True, 'hasEnvironmentalEffects': True, 'hasEmissionsAndTests': True, 'hasArticleDocumentation': False, 'hasEpdDocumentation': False, 'hasBvdDocumentation': False, 'hasPbDocumentation': False, 'hasEmissionDocumentation': False, 'hasMhibetaDocumentation': False, 'hasSdbDocumentation': False, 'hasOtherDocumentation': False, 'hasCirculatedMaterials': True, 'hasReusability': False, 'hasReusabilityPercentage': False, 'hasRecyclability': False, 'hasRecyclabilityPercentage': False, 'hasCircularityBusinessModels': False, 'hasRenewableMaterials': True, 'hasBoverketEnvironmentalEffects': False, 'hasSwedishWoodArticle': False, 'hasEmissionsAndTestsVoc': True, 'hasEmissionsAndTestsFormaldehyde': True, 'hasEmissionsAndTestsCarcinogenic': True, 'hasEmissionsAndTestsLeaching': False}",2026-08-19T07:52:18.01,AS-33,probe-20260917-as33bastaprobe-2,2026-09-17,f195c5ac8c3129f49af7736cbab3ffe1e667b188a43dbeff37c15c5f12e0ffbb,42,45
700074,Signature Acoustic Graphite Slate,AQ0SSL23CE.SS0BU," 3,5mm Thick, 1mm Wear Layer, 1mm Acoustic Foam Backing, (457.2mm x 457.2mm)",,Amtico Signature Acoustic,05023510162063,,,B-500254768-4,1,ALFA,[1],['ALFA'],,https://www.bastaonline.se/?aid=700074,"{'id': 279, 'name': 'Amtico International AB', 'url': None}","{'code': '03104', 'name': 'Plastgolv'}","{'code': 'MFK.1', 'name': 'Beläggningar av matta eller plattor av plast utan krav på vattentäthet', 'aggregationName': None}","{'hasSubstancesCoveredByInformationRequirements': False, 'hasInformation': True, 'hasHealthAndEnvironmentalHazards': True, 'hasCircularity': True, 'hasRenewability': True, 'hasEnvironmentalEffects': True, 'hasEmissionsAndTests': True, 'hasArticleDocumentation': False, 'hasEpdDocumentation': False, 'hasBvdDocumentation': False, 'hasPbDocumentation': False, 'hasEmissionDocumentation': False, 'hasMhibetaDocumentation': False, 'hasSdbDocumentation': False, 'hasOtherDocumentation': False, 'hasCirculatedMaterials': True, 'hasReusability': False, 'hasReusabilityPercentage': False, 'hasRecyclability': False, 'hasRecyclabilityPercentage': False, 'hasCircularityBusinessModels': False, 'hasRenewableMaterials': True, 'hasBoverketEnvironmentalEffects': False, 'hasSwedishWoodArticle': False, 'hasEmissionsAndTestsVoc': True, 'hasEmissionsAndTestsFormaldehyde': True, 'hasEmissionsAndTestsCarcinogenic': True, 'hasEmissionsAndTestsLeaching': False}",2026-08-19T07:52:40.7,AS-33,probe-20260917-as33bastaprobe-2,2026-09-17,f195c5ac8c3129f49af7736cbab3ffe1e667b188a43dbeff37c15c5f12e0ffbb,42,46
700104,Signature Acoustic Grigio Classic Marble,AQ0SCA37CE.WK0BU,"3,5mm Thick, 1mm Wear Layer, 1mm Acoustic Foam Backing, (914.4x152.4mm)",,Amtico Signature Acoustic,05023510156505,,,B-500254768-4,1,ALFA,[1],['ALFA'],,https://www.bastaonline.se/?aid=700104,"{'id': 279, 'name': 'Amtico International AB', 'url': None}","{'code': '03104', 'name': 'Plastgolv'}","{'code': 'MFK.1', 'name': 'Beläggningar av matta eller plattor av plast utan krav på vattentäthet', 'aggregationName': None}","{'hasSubstancesCoveredByInformationRequirements': False, 'hasInformation': True, 'hasHealthAndEnvironmentalHazards': True, 'hasCircularity': True, 'hasRenewability': True, 'hasEnvironmentalEffects': True, 'hasEmissionsAndTests': True, 'hasArticleDocumentation': False, 'hasEpdDocumentation': False, 'hasBvdDocumentation': False, 'hasPbDocumentation': False, 'hasEmissionDocumentation': False, 'hasMhibetaDocumentation': False, 'hasSdbDocumentation': False, 'hasOtherDocumentation': False, 'hasCirculatedMaterials': True, 'hasReusability': False, 'hasReusabilityPercentage': False, 'hasRecyclability': False, 'hasRecyclabilityPercentage': False, 'hasCircularityBusinessModels': False, 'hasRenewableMaterials': True, 'hasBoverketEnvironmentalEffects': False, 'hasSwedishWoodArticle': False, 'hasEmissionsAndTestsVoc': True, 'hasEmissionsAndTestsFormaldehyde': True, 'hasEmissionsAndTestsCarcinogenic': True, 'hasEmissionsAndTestsLeaching': False}",2026-08-19T07:52:18.01,AS-33,probe-20260917-as33bastaprobe-2,2026-09-17,f195c5ac8c3129f49af7736cbab3ffe1e667b188a43dbeff37c15c5f12e0ffbb,42,47
700937,Signature Acoustic Verde Classic Marble,AQ0SCA87CE.UW0BU,"3,5mm Thick, 1mm Wear Layer, 1mm Acoustic Foam Backing, (609.6mm x 914.4mm)",,Amtico Signature Acoustic,05023510156758,,,B-500254768-4,1,ALFA,[1],['ALFA'],,https://www.bastaonline.se/?aid=700937,"{'id': 279, 'name': 'Amtico International AB', 'url': None}","{'code': '03104', 'name': 'Plastgolv'}","{'code': 'MFK.1', 'name': 'Beläggningar av matta eller plattor av plast utan krav på vattentäthet', 'aggregationName': None}","{'hasSubstancesCoveredByInformationRequirements': False, 'hasInformation': True, 'hasHealthAndEnvironmentalHazards': True, 'hasCircularity': True, 'hasRenewability': True, 'hasEnvironmentalEffects': True, 'hasEmissionsAndTests': True, 'hasArticleDocumentation': False, 'hasEpdDocumentation': False, 'hasBvdDocumentation': False, 'hasPbDocumentation': False, 'hasEmissionDocumentation': False, 'hasMhibetaDocumentation': False, 'hasSdbDocumentation': False, 'hasOtherDocumentation': False, 'hasCirculatedMaterials': True, 'hasReusability': False, 'hasReusabilityPercentage': False, 'hasRecyclability': False, 'hasRecyclabilityPercentage': False, 'hasCircularityBusinessModels': False, 'hasRenewableMaterials': True, 'hasBoverketEnvironmentalEffects': False, 'hasSwedishWoodArticle': False, 'hasEmissionsAndTestsVoc': True, 'hasEmissionsAndTestsFormaldehyde': True, 'hasEmissionsAndTestsCarcinogenic': True, 'hasEmissionsAndTestsLeaching': False}",2026-08-19T07:52:18.01,AS-33,probe-20260917-as33bastaprobe-2,2026-09-17,f195c5ac8c3129f49af7736cbab3ffe1e667b188a43dbeff37c15c5f12e0ffbb,42,48
700860,Signature Acoustic Stucco Quartz,AQ0AUC15CE.WS0BU,"3,5mm Thick, 1mm Wear Layer, 1mm Acoustic Foam Backing, (914.4mm x 457.2mm)",,Amtico Signature Acoustic,05023510030461,,,B-500254768-4,1,ALFA,[1],['ALFA'],,https://www.bastaonline.se/?aid=700860,"{'id': 279, 'name': 'Amtico International AB', 'url': None}","{'code': '03104', 'name': 'Plastgolv'}","{'code': 'MFK.1', 'name': 'Beläggningar av matta eller plattor av plast utan krav på vattentäthet', 'aggregationName': None}","{'hasSubstancesCoveredByInformationRequirements': False, 'hasInformation': True, 'hasHealthAndEnvironmentalHazards': True, 'hasCircularity': True, 'hasRenewability': True, 'hasEnvironmentalEffects': True, 'hasEmissionsAndTests': True, 'hasArticleDocumentation': False, 'hasEpdDocumentation': False, 'hasBvdDocumentation': False, 'hasPbDocumentation': False, 'hasEmissionDocumentation': False, 'hasMhibetaDocumentation': False, 'hasSdbDocumentation': False, 'hasOtherDocumentation': False, 'hasCirculatedMaterials': True, 'hasReusability': False, 'hasReusabilityPercentage': False, 'hasRecyclability': False, 'hasRecyclabilityPercentage': False, 'hasCircularityBusinessModels': False, 'hasRenewableMaterials': True, 'hasBoverketEnvironmentalEffects': False, 'hasSwedishWoodArticle': False, 'hasEmissionsAndTestsVoc': True, 'hasEmissionsAndTestsFormaldehyde': True, 'hasEmissionsAndTestsCarcinogenic': True, 'hasEmissionsAndTestsLeaching': False}",2026-08-19T07:52:18.01,AS-33,probe-20260917-as33bastaprobe-2,2026-09-17,f195c5ac8c3129f49af7736cbab3ffe1e667b188a43dbeff37c15c5f12e0ffbb,42,49
700052,Signature Acoustic Golden Oak,AQ0W7510WE.UP0BU,"3,5mm Thick, 1mm Wear Layer, 1mm Acoustic Foam Backing, (609.6mm x 304.8mm)",,Amtico Signature Acoustic,05023510164999,,,B-500254768-4,1,ALFA,[1],['ALFA'],,https://www.bastaonline.se/?aid=700052,"{'id': 279, 'name': 'Amtico International AB', 'url': None}","{'code': '03104', 'name': 'Plastgolv'}","{'code': 'MFK.1', 'name': 'Beläggningar av matta eller plattor av plast utan krav på vattentäthet', 'aggregationName': None}","{'hasSubstancesCoveredByInformationRequirements': False, 'hasInformation': True, 'hasHealthAndEnvironmentalHazards': True, 'hasCircularity': True, 'hasRenewability': True, 'hasEnvironmentalEffects': True, 'hasEmissionsAndTests': True, 'hasArticleDocumentation': False, 'hasEpdDocumentation': False, 'hasBvdDocumentation': False, 'hasPbDocumentation': False, 'hasEmissionDocumentation': False, 'hasMhibetaDocumentation': False, 'hasSdbDocumentation': False, 'hasOtherDocumentation': False, 'hasCirculatedMaterials': True, 'hasReusability': False, 'hasReusabilityPercentage': False, 'hasRecyclability': False, 'hasRecyclabilityPercentage': False, 'hasCircularityBusinessModels': False, 'hasRenewableMaterials': True, 'hasBoverketEnvironmentalEffects': False, 'hasSwedishWoodArticle': False, 'hasEmissionsAndTestsVoc': True, 'hasEmissionsAndTestsFormaldehyde': True, 'hasEmissionsAndTestsCarcinogenic': True, 'hasEmissionsAndTestsLeaching': False}",2026-08-19T07:53:03.473,AS-33,probe-20260917-as33bastaprobe-2,2026-09-17,f195c5ac8c3129f49af7736cbab3ffe1e667b188a43dbeff37c15c5f12e0ffbb,42,50
700095,Signature Acoustic Grey Burnished Metal,AQ0ARH13CE.WK0BU,"3,5mm Thick, 1mm Wear Layer, 1mm Acoustic Foam Backing, (914.4x152.4mm)",,Amtico Signature Acoustic,05023510154242,,,B-500254768-4,1,ALFA,[1],['ALFA'],,https://www.bastaonline.se/?aid=700095,"{'id': 279, 'name': 'Amtico International AB', 'url': None}","{'code': '03104', 'name': 'Plastgolv'}","{'code': 'MFK.1', 'name': 'Beläggningar av matta eller plattor av plast utan krav på vattentäthet', 'aggregationName': None}","{'hasSubstancesCoveredByInformationRequirements': False, 'hasInformation': True, 'hasHealthAndEnvironmentalHazards': True, 'hasCircularity': True, 'hasRenewability': True, 'hasEnvironmentalEffects': True, 'hasEmissionsAndTests': True, 'hasArticleDocumentation': False, 'hasEpdDocumentation': False, 'hasBvdDocumentation': False, 'hasPbDocumentation': False, 'hasEmissionDocumentation': False, 'hasMhibetaDocumentation': False, 'hasSdbDocumentation': False, 'hasOtherDocumentation': False, 'hasCirculatedMaterials': True, 'hasReusability': False, 'hasReusabilityPercentage': False, 'hasRecyclability': False, 'hasRecyclabilityPercentage': False, 'hasCircularityBusinessModels': False, 'hasRenewableMaterials': True, 'hasBoverketEnvironmentalEffects': False, 'hasSwedishWoodArticle': False, 'hasEmissionsAndTestsVoc': True, 'hasEmissionsAndTestsFormaldehyde': True, 'hasEmissionsAndTestsCarcinogenic': True, 'hasEmissionsAndTestsLeaching': False}",2026-08-19T07:52:18.01,AS-33,probe-20260917-as33bastaprobe-2,2026-09-17,f195c5ac8c3129f49af7736cbab3ffe1e667b188a43dbeff37c15c5f12e0ffbb,42,51
700876,Signature Acoustic Tay Oak,AQ0W8900WT.WB0BU,"3,5mm Thick, 1mm Wear Layer, 1mm Acoustic Foam Backing, (914.mm 4x 76.2mm)",,Amtico Signature Acoustic,05023510172895,,,B-500254768-4,1,ALFA,[1],['ALFA'],,https://www.bastaonline.se/?aid=700876,"{'id': 279, 'name': 'Amtico International AB', 'url': None}","{'code': '03104', 'name': 'Plastgolv'}","{'code': 'MFK.1', 'name': 'Beläggningar av matta eller plattor av plast utan krav på vattentäthet', 'aggregationName': None}","{'hasSubstancesCoveredByInformationRequirements': False, 'hasInformation': True, 'hasHealthAndEnvironmentalHazards': True, 'hasCircularity': True, 'hasRenewability': True, 'hasEnvironmentalEffects': True, 'hasEmissionsAndTests': True, 'hasArticleDocumentation': False, 'hasEpdDocumentation': False, 'hasBvdDocumentation': False, 'hasPbDocumentation': False, 'hasEmissionDocumentation': False, 'hasMhibetaDocumentation': False, 'hasSdbDocumentation': False, 'hasOtherDocumentation': False, 'hasCirculatedMaterials': True, 'hasReusability': False, 'hasReusabilityPercentage': False, 'hasRecyclability': False, 'hasRecyclabilityPercentage': False, 'hasCircularityBusinessModels': False, 'hasRenewableMaterials': True, 'hasBoverketEnvironmentalEffects': False, 'hasSwedishWoodArticle': False, 'hasEmissionsAndTestsVoc': True, 'hasEmissionsAndTestsFormaldehyde': True, 'hasEmissionsAndTestsCarcinogenic': True, 'hasEmissionsAndTestsLeaching': False}",2026-08-19T07:53:17.51,AS-33,probe-20260917-as33bastaprobe-2,2026-09-17,f195c5ac8c3129f49af7736cbab3ffe1e667b188a43dbeff37c15c5f12e0ffbb,42,52
700825,Signature Acoustic Stucco Nutmeg,AQ0AUC89CE.WK0BU,"3,5mm Thick, 1mm Wear Layer, 1mm Acoustic Foam Backing, (914.4x152.4mm)",,Amtico Signature Acoustic,05023510155782,,,B-500254768-4,1,ALFA,[1],['ALFA'],,https://www.bastaonline.se/?aid=700825,"{'id': 279, 'name': 'Amtico International AB', 'url': None}","{'code': '03104', 'name': 'Plastgolv'}","{'code': 'MFK.1', 'name': 'Beläggningar av matta eller plattor av plast utan krav på vattentäthet', 'aggregationName': None}","{'hasSubstancesCoveredByInformationRequirements': False, 'hasInformation': True, 'hasHealthAndEnvironmentalHazards': True, 'hasCircularity': True, 'hasRenewability': True, 'hasEnvironmentalEffects': True, 'hasEmissionsAndTests': True, 'hasArticleDocumentation': False, 'hasEpdDocumentation': False, 'hasBvdDocumentation': False, 'hasPbDocumentation': False, 'hasEmissionDocumentation': False, 'hasMhibetaDocumentation': False, 'hasSdbDocumentation': False, 'hasOtherDocumentation': False, 'hasCirculatedMaterials': True, 'hasReusability': False, 'hasReusabilityPercentage': False, 'hasRecyclability': False, 'hasRecyclabilityPercentage': False, 'hasCircularityBusinessModels': False, 'hasRenewableMaterials': True, 'hasBoverketEnvironmentalEffects': False, 'hasSwedishWoodArticle': False, 'hasEmissionsAndTestsVoc': True, 'hasEmissionsAndTestsFormaldehyde': True, 'hasEmissionsAndTestsCarcinogenic': True, 'hasEmissionsAndTestsLeaching': False}",2026-08-19T07:52:18.01,AS-33,probe-20260917-as33bastaprobe-2,2026-09-17,f195c5ac8c3129f49af7736cbab3ffe1e667b188a43dbeff37c15c5f12e0ffbb,42,53
700167,Signature Acoustic Honed Limestone Natural,AQ0SLH11CE.WB0BU,"3,5mm Thick, 1mm Wear Layer, 1mm Acoustic Foam Backing, (914.mm 4x 76.2mm)",,Amtico Signature Acoustic,05023510157847,,,B-500254768-4,1,ALFA,[1],['ALFA'],,https://www.bastaonline.se/?aid=700167,"{'id': 279, 'name': 'Amtico International AB', 'url': None}","{'code': '03104', 'name': 'Plastgolv'}","{'code': 'MFK.1', 'name': 'Beläggningar av matta eller plattor av plast utan krav på vattentäthet', 'aggregationName': None}","{'hasSubstancesCoveredByInformationRequirements': False, 'hasInformation': True, 'hasHealthAndEnvironmentalHazards': True, 'hasCircularity': True, 'hasRenewability': True, 'hasEnvironmentalEffects': True, 'hasEmissionsAndTests': True, 'hasArticleDocumentation': False, 'hasEpdDocumentation': False, 'hasBvdDocumentation': False, 'hasPbDocumentation': False, 'hasEmissionDocumentation': False, 'hasMhibetaDocumentation': False, 'hasSdbDocumentation': False, 'hasOtherDocumentation': False, 'hasCirculatedMaterials': True, 'hasReusability': False, 'hasReusabilityPercentage': False, 'hasRecyclability': False, 'hasRecyclabilityPercentage': False, 'hasCircularityBusinessModels': False, 'hasRenewableMaterials': True, 'hasBoverketEnvironmentalEffects': False, 'hasSwedishWoodArticle': False, 'hasEmissionsAndTestsVoc': True, 'hasEmissionsAndTestsFormaldehyde': True, 'hasEmissionsAndTestsCarcinogenic': True, 'hasEmissionsAndTestsLeaching': False}",2026-08-19T07:52:18.01,AS-33,probe-20260917-as33bastaprobe-2,2026-09-17,f195c5ac8c3129f49af7736cbab3ffe1e667b188a43dbeff37c15c5f12e0ffbb,42,54
700162,Signature Acoustic Honed Limestone Natural,AQ0SLH11CE.US0BU,"3,5mm Thick, 1mm Wear Layer, 1mm Acoustic Foam Backing, (609.6mm x 457.2mm)",,Amtico Signature Acoustic,05023510032588,,,B-500254768-4,1,ALFA,[1],['ALFA'],,https://www.bastaonline.se/?aid=700162,"{'id': 279, 'name': 'Amtico International AB', 'url': None}","{'code': '03104', 'name': 'Plastgolv'}","{'code': 'MFK.1', 'name': 'Beläggningar av matta eller plattor av plast utan krav på vattentäthet', 'aggregationName': None}","{'hasSubstancesCoveredByInformationRequirements': False, 'hasInformation': True, 'hasHealthAndEnvironmentalHazards': True, 'hasCircularity': True, 'hasRenewability': True, 'hasEnvironmentalEffects': True, 'hasEmissionsAndTests': True, 'hasArticleDocumentation': False, 'hasEpdDocumentation': False, 'hasBvdDocumentation': False, 'hasPbDocumentation': False, 'hasEmissionDocumentation': False, 'hasMhibetaDocumentation': False, 'hasSdbDocumentation': False, 'hasOtherDocumentation': False, 'hasCirculatedMaterials': True, 'hasReusability': False, 'hasReusabilityPercentage': False, 'hasRecyclability': False, 'hasRecyclabilityPercentage': False, 'hasCircularityBusinessModels': False, 'hasRenewableMaterials': True, 'hasBoverketEnvironmentalEffects': False, 'hasSwedishWoodArticle': False, 'hasEmissionsAndTestsVoc': True, 'hasEmissionsAndTestsFormaldehyde': True, 'hasEmissionsAndTestsCarcinogenic': True, 'hasEmissionsAndTestsLeaching': False}",2026-08-19T07:52:18.01,AS-33,probe-20260917-as33bastaprobe-2,2026-09-17,f195c5ac8c3129f49af7736cbab3ffe1e667b188a43dbeff37c15c5f12e0ffbb,42,55
700806,Signature Acoustic Stucco Indigo,AQ0AUC91CE.WS0BU,"3,5mm Thick, 1mm Wear Layer, 1mm Acoustic Foam Backing, (914.4mm x 457.2mm)",,Amtico Signature Acoustic,05023510155874,,,B-500254768-4,1,ALFA,[1],['ALFA'],,https://www.bastaonline.se/?aid=700806,"{'id': 279, 'name': 'Amtico International AB', 'url': None}","{'code': '03104', 'name': 'Plastgolv'}","{'code': 'MFK.1', 'name': 'Beläggningar av matta eller plattor av plast utan krav på vattentäthet', 'aggregationName': None}","{'hasSubstancesCoveredByInformationRequirements': False, 'hasInformation': True, 'hasHealthAndEnvironmentalHazards': True, 'hasCircularity': True, 'hasRenewability': True, 'hasEnvironmentalEffects': True, 'hasEmissionsAndTests': True, 'hasArticleDocumentation': False, 'hasEpdDocumentation': False, 'hasBvdDocumentation': False, 'hasPbDocumentation': False, 'hasEmissionDocumentation': False, 'hasMhibetaDocumentation': False, 'hasSdbDocumentation': False, 'hasOtherDocumentation': False, 'hasCirculatedMaterials': True, 'hasReusability': False, 'hasReusabilityPercentage': False, 'hasRecyclability': False, 'hasRecyclabilityPercentage': False, 'hasCircularityBusinessModels': False, 'hasRenewableMaterials': True, 'hasBoverketEnvironmentalEffects': False, 'hasSwedishWoodArticle': False, 'hasEmissionsAndTestsVoc': True, 'hasEmissionsAndTestsFormaldehyde': True, 'hasEmissionsAndTestsCarcinogenic': True, 'hasEmissionsAndTestsLeaching': False}",2026-08-19T07:52:18.01,AS-33,probe-20260917-as33bastaprobe-2,2026-09-17,f195c5ac8c3129f49af7736cbab3ffe1e667b188a43dbeff37c15c5f12e0ffbb,42,56
700192,Signature Acoustic Kura Anise,AQ0SKU39CE.SP0BU," 3,5mm Thick, 1mm Wear Layer, 1mm Acoustic Foam Backing, (457.2mm x 304.8mm)",,Amtico Signature Acoustic,05023510157496,,,B-500254768-4,1,ALFA,[1],['ALFA'],,https://www.bastaonline.se/?aid=700192,"{'id': 279, 'name': 'Amtico International AB', 'url': None}","{'code': '03104', 'name': 'Plastgolv'}","{'code': 'MFK.1', 'name': 'Beläggningar av matta eller plattor av plast utan krav på vattentäthet', 'aggregationName': None}","{'hasSubstancesCoveredByInformationRequirements': False, 'hasInformation': True, 'hasHealthAndEnvironmentalHazards': True, 'hasCircularity': True, 'hasRenewability': True, 'hasEnvironmentalEffects': True, 'hasEmissionsAndTests': True, 'hasArticleDocumentation': False, 'hasEpdDocumentation': False, 'hasBvdDocumentation': False, 'hasPbDocumentation': False, 'hasEmissionDocumentation': False, 'hasMhibetaDocumentation': False, 'hasSdbDocumentation': False, 'hasOtherDocumentation': False, 'hasCirculatedMaterials': True, 'hasReusability': False, 'hasReusabilityPercentage': False, 'hasRecyclability': False, 'hasRecyclabilityPercentage': False, 'hasCircularityBusinessModels': False, 'hasRenewableMaterials': True, 'hasBoverketEnvironmentalEffects': False, 'hasSwedishWoodArticle': False, 'hasEmissionsAndTestsVoc': True, 'hasEmissionsAndTestsFormaldehyde': True, 'hasEmissionsAndTestsCarcinogenic': True, 'hasEmissionsAndTestsLeaching': False}",2026-08-19T07:52:18.01,AS-33,probe-20260917-as33bastaprobe-2,2026-09-17,f195c5ac8c3129f49af7736cbab3ffe1e667b188a43dbeff37c15c5f12e0ffbb,42,57
700862,Signature Acoustic Stucco Roselle,AQ0AUC51CE.SK0BU," 3,5mm Thick, 1mm Wear Layer, 1mm Acoustic Foam Backing, (457.2mm x 152.4mm)",,Amtico Signature Acoustic,05023510155423,,,B-500254768-4,1,ALFA,[1],['ALFA'],,https://www.bastaonline.se/?aid=700862,"{'id': 279, 'name': 'Amtico International AB', 'url': None}","{'code': '03104', 'name': 'Plastgolv'}","{'code': 'MFK.1', 'name': 'Beläggningar av matta eller plattor av plast utan krav på vattentäthet', 'aggregationName': None}","{'hasSubstancesCoveredByInformationRequirements': False, 'hasInformation': True, 'hasHealthAndEnvironmentalHazards': True, 'hasCircularity': True, 'hasRenewability': True, 'hasEnvironmentalEffects': True, 'hasEmissionsAndTests': True, 'hasArticleDocumentation': False, 'hasEpdDocumentation': False, 'hasBvdDocumentation': False, 'hasPbDocumentation': False, 'hasEmissionDocumentation': False, 'hasMhibetaDocumentation': False, 'hasSdbDocumentation': False, 'hasOtherDocumentation': False, 'hasCirculatedMaterials': True, 'hasReusability': False, 'hasReusabilityPercentage': False, 'hasRecyclability': False, 'hasRecyclabilityPercentage': False, 'hasCircularityBusinessModels': False, 'hasRenewableMaterials': True, 'hasBoverketEnvironmentalEffects': False, 'hasSwedishWoodArticle': False, 'hasEmissionsAndTestsVoc': True, 'hasEmissionsAndTestsFormaldehyde': True, 'hasEmissionsAndTestsCarcinogenic': True, 'hasEmissionsAndTestsLeaching': False}",2026-08-19T07:52:18.01,AS-33,probe-20260917-as33bastaprobe-2,2026-09-17,f195c5ac8c3129f49af7736cbab3ffe1e667b188a43dbeff37c15c5f12e0ffbb,42,58
700170,Signature Acoustic Ilmington Stone,AQ0SSC01CE.SP0BU," 3,5mm Thick, 1mm Wear Layer, 1mm Acoustic Foam Backing, (457.2mm x 304.8mm)",,Amtico Signature Acoustic,05023510161608,,,B-500254768-4,1,ALFA,[1],['ALFA'],,https://www.bastaonline.se/?aid=700170,"{'id': 279, 'name': 'Amtico International AB', 'url': None}","{'code': '03104', 'name': 'Plastgolv'}","{'code': 'MFK.1', 'name': 'Beläggningar av matta eller plattor av plast utan krav på vattentäthet', 'aggregationName': None}","{'hasSubstancesCoveredByInformationRequirements': False, 'hasInformation': True, 'hasHealthAndEnvironmentalHazards': True, 'hasCircularity': True, 'hasRenewability': True, 'hasEnvironmentalEffects': True, 'hasEmissionsAndTests': True, 'hasArticleDocumentation': False, 'hasEpdDocumentation': False, 'hasBvdDocumentation': False, 'hasPbDocumentation': False, 'hasEmissionDocumentation': False, 'hasMhibetaDocumentation': False, 'hasSdbDocumentation': False, 'hasOtherDocumentation': False, 'hasCirculatedMaterials': True, 'hasReusability': False, 'hasReusabilityPercentage': False, 'hasRecyclability': False, 'hasRecyclabilityPercentage': False, 'hasCircularityBusinessModels': False, 'hasRenewableMaterials': True, 'hasBoverketEnvironmentalEffects': False, 'hasSwedishWoodArticle': False, 'hasEmissionsAndTestsVoc': True, 'hasEmissionsAndTestsFormaldehyde': True, 'hasEmissionsAndTestsCarcinogenic': True, 'hasEmissionsAndTestsLeaching': False}",2026-08-19T07:52:40.7,AS-33,probe-20260917-as33bastaprobe-2,2026-09-17,f195c5ac8c3129f49af7736cbab3ffe1e667b188a43dbeff37c15c5f12e0ffbb,42,59
700113,Signature Acoustic Hackfall Oak,AQ0W8790WS.YM0BU," 3,5mm Thick, 1mm Wear Layer, 1mm Acoustic Foam Backing, (1219.2mm x 228.6mm)",,Amtico Signature Acoustic,05023510172604,,,B-500254768-4,1,ALFA,[1],['ALFA'],,https://www.bastaonline.se/?aid=700113,"{'id': 279, 'name': 'Amtico International AB', 'url': None}","{'code': '03104', 'name': 'Plastgolv'}","{'code': 'MFK.1', 'name': 'Beläggningar av matta eller plattor av plast utan krav på vattentäthet', 'aggregationName': None}","{'hasSubstancesCoveredByInformationRequirements': False, 'hasInformation': True, 'hasHealthAndEnvironmentalHazards': True, 'hasCircularity': True, 'hasRenewability': True, 'hasEnvironmentalEffects': True, 'hasEmissionsAndTests': True, 'hasArticleDocumentation': False, 'hasEpdDocumentation': False, 'hasBvdDocumentation': False, 'hasPbDocumentation': False, 'hasEmissionDocumentation': False, 'hasMhibetaDocumentation': False, 'hasSdbDocumentation': False, 'hasOtherDocumentation': False, 'hasCirculatedMaterials': True, 'hasReusability': False, 'hasReusabilityPercentage': False, 'hasRecyclability': False, 'hasRecyclabilityPercentage': False, 'hasCircularityBusinessModels': False, 'hasRenewableMaterials': True, 'hasBoverketEnvironmentalEffects': False, 'hasSwedishWoodArticle': False, 'hasEmissionsAndTestsVoc': True, 'hasEmissionsAndTestsFormaldehyde': True, 'hasEmissionsAndTestsCarcinogenic': True, 'hasEmissionsAndTestsLeaching': False}",2026-08-19T07:53:17.51,AS-33,probe-20260917-as33bastaprobe-2,2026-09-17,f195c5ac8c3129f49af7736cbab3ffe1e667b188a43dbeff37c15c5f12e0ffbb,42,60
700880,Signature Acoustic Teak,AQ0W6990WE.PP0BU," 3,5mm Thick, 1mm Wear Layer, 1mm Acoustic Foam Backing, (304.8mm x 304.8mm)",,Amtico Signature Acoustic,05023510163329,,,B-500254768-4,1,ALFA,[1],['ALFA'],,https://www.bastaonline.se/?aid=700880,"{'id': 279, 'name': 'Amtico International AB', 'url': None}","{'code': '03104', 'name': 'Plastgolv'}","{'code': 'MFK.1', 'name': 'Beläggningar av matta eller plattor av plast utan krav på vattentäthet', 'aggregationName': None}","{'hasSubstancesCoveredByInformationRequirements': False, 'hasInformation': True, 'hasHealthAndEnvironmentalHazards': True, 'hasCircularity': True, 'hasRenewability': True, 'hasEnvironmentalEffects': True, 'hasEmissionsAndTests': True, 'hasArticleDocumentation': False, 'hasEpdDocumentation': False, 'hasBvdDocumentation': False, 'hasPbDocumentation': False, 'hasEmissionDocumentation': False, 'hasMhibetaDocumentation': False, 'hasSdbDocumentation': False, 'hasOtherDocumentation': False, 'hasCirculatedMaterials': True, 'hasReusability': False, 'hasReusabilityPercentage': False, 'hasRecyclability': False, 'hasRecyclabilityPercentage': False, 'hasCircularityBusinessModels': False, 'hasRenewableMaterials': True, 'hasBoverketEnvironmentalEffects': False, 'hasSwedishWoodArticle': False, 'hasEmissionsAndTestsVoc': True, 'hasEmissionsAndTestsFormaldehyde': True, 'hasEmissionsAndTestsCarcinogenic': True, 'hasEmissionsAndTestsLeaching': False}",2026-08-19T07:52:40.7,AS-33,probe-20260917-as33bastaprobe-2,2026-09-17,f195c5ac8c3129f49af7736cbab3ffe1e667b188a43dbeff37c15c5f12e0ffbb,42,61
700919,Signature Acoustic Tyne Concrete,AQ0SRE30CE.PP0BU," 3,5mm Thick, 1mm Wear Layer, 1mm Acoustic Foam Backing, (304.8mm x 304.8mm)",,Amtico Signature Acoustic,05023510160885,,,B-500254768-4,1,ALFA,[1],['ALFA'],,https://www.bastaonline.se/?aid=700919,"{'id': 279, 'name': 'Amtico International AB', 'url': None}","{'code': '03104', 'name': 'Plastgolv'}","{'code': 'MFK.1', 'name': 'Beläggningar av matta eller plattor av plast utan krav på vattentäthet', 'aggregationName': None}","{'hasSubstancesCoveredByInformationRequirements': False, 'hasInformation': True, 'hasHealthAndEnvironmentalHazards': True, 'hasCircularity': True, 'hasRenewability': True, 'hasEnvironmentalEffects': True, 'hasEmissionsAndTests': True, 'hasArticleDocumentation': False, 'hasEpdDocumentation': False, 'hasBvdDocumentation': False, 'hasPbDocumentation': False, 'hasEmissionDocumentation': False, 'hasMhibetaDocumentation': False, 'hasSdbDocumentation': False, 'hasOtherDocumentation': False, 'hasCirculatedMaterials': True, 'hasReusability': False, 'hasReusabilityPercentage': False, 'hasRecyclability': False, 'hasRecyclabilityPercentage': False, 'hasCircularityBusinessModels': False, 'hasRenewableMaterials': True, 'hasBoverketEnvironmentalEffects': False, 'hasSwedishWoodArticle': False, 'hasEmissionsAndTestsVoc': True, 'hasEmissionsAndTestsFormaldehyde': True, 'hasEmissionsAndTestsCarcinogenic': True, 'hasEmissionsAndTestsLeaching': False}",2026-08-19T07:52:40.7,AS-33,probe-20260917-as33bastaprobe-2,2026-09-17,f195c5ac8c3129f49af7736cbab3ffe1e667b188a43dbeff37c15c5f12e0ffbb,42,62
700829,Signature Acoustic Stucco Opaline,AQ0AUC88CE.PP0BU," 3,5mm Thick, 1mm Wear Layer, 1mm Acoustic Foam Backing, (304.8mm x 304.8mm)",,Amtico Signature Acoustic,05023510155591,,,B-500254768-4,1,ALFA,[1],['ALFA'],,https://www.bastaonline.se/?aid=700829,"{'id': 279, 'name': 'Amtico International AB', 'url': None}","{'code': '03104', 'name': 'Plastgolv'}","{'code': 'MFK.1', 'name': 'Beläggningar av matta eller plattor av plast utan krav på vattentäthet', 'aggregationName': None}","{'hasSubstancesCoveredByInformationRequirements': False, 'hasInformation': True, 'hasHealthAndEnvironmentalHazards': True, 'hasCircularity': True, 'hasRenewability': True, 'hasEnvironmentalEffects': True, 'hasEmissionsAndTests': True, 'hasArticleDocumentation': False, 'hasEpdDocumentation': False, 'hasBvdDocumentation': False, 'hasPbDocumentation': False, 'hasEmissionDocumentation': False, 'hasMhibetaDocumentation': False, 'hasSdbDocumentation': False, 'hasOtherDocumentation': False, 'hasCirculatedMaterials': True, 'hasReusability': False, 'hasReusabilityPercentage': False, 'hasRecyclability': False, 'hasRecyclabilityPercentage': False, 'hasCircularityBusinessModels': False, 'hasRenewableMaterials': True, 'hasBoverketEnvironmentalEffects': False, 'hasSwedishWoodArticle': False, 'hasEmissionsAndTestsVoc': True, 'hasEmissionsAndTestsFormaldehyde': True, 'hasEmissionsAndTestsCarcinogenic': True, 'hasEmissionsAndTestsLeaching': False}",2026-08-19T07:52:18.01,AS-33,probe-20260917-as33bastaprobe-2,2026-09-17,f195c5ac8c3129f49af7736cbab3ffe1e667b188a43dbeff37c15c5f12e0ffbb,42,63
700057,Signature Acoustic Golden Oak,AQ0W7510WE.WS0BU,"3,5mm Thick, 1mm Wear Layer, 1mm Acoustic Foam Backing, (914.4mm x 457.2mm)",,Amtico Signature Acoustic,05023510039969,,,B-500254768-4,1,ALFA,[1],['ALFA'],,https://www.bastaonline.se/?aid=700057,"{'id': 279, 'name': 'Amtico International AB', 'url': None}","{'code': '03104', 'name': 'Plastgolv'}","{'code': 'MFK.1', 'name': 'Beläggningar av matta eller plattor av plast utan krav på vattentäthet', 'aggregationName': None}","{'hasSubstancesCoveredByInformationRequirements': False, 'hasInformation': True, 'hasHealthAndEnvironmentalHazards': True, 'hasCircularity': True, 'hasRenewability': True, 'hasEnvironmentalEffects': True, 'hasEmissionsAndTests': True, 'hasArticleDocumentation': False, 'hasEpdDocumentation': False, 'hasBvdDocumentation': False, 'hasPbDocumentation': False, 'hasEmissionDocumentation': False, 'hasMhibetaDocumentation': False, 'hasSdbDocumentation': False, 'hasOtherDocumentation': False, 'hasCirculatedMaterials': True, 'hasReusability': False, 'hasReusabilityPercentage': False, 'hasRecyclability': False, 'hasRecyclabilityPercentage': False, 'hasCircularityBusinessModels': False, 'hasRenewableMaterials': True, 'hasBoverketEnvironmentalEffects': False, 'hasSwedishWoodArticle': False, 'hasEmissionsAndTestsVoc': True, 'hasEmissionsAndTestsFormaldehyde': True, 'hasEmissionsAndTestsCarcinogenic': True, 'hasEmissionsAndTestsLeaching': False}",2026-08-19T07:53:03.473,AS-33,probe-20260917-as33bastaprobe-2,2026-09-17,f195c5ac8c3129f49af7736cbab3ffe1e667b188a43dbeff37c15c5f12e0ffbb,42,64
700183,Signature Acoustic Kentmere Slate,AQ0SSL37CT.WS0BU,"3,5mm Thick, 1mm Wear Layer, 1mm Acoustic Foam Backing, (914.4mm x 457.2mm)",,Amtico Signature Acoustic,05023510162353,,,B-500254768-4,1,ALFA,[1],['ALFA'],,https://www.bastaonline.se/?aid=700183,"{'id': 279, 'name': 'Amtico International AB', 'url': None}","{'code': '03104', 'name': 'Plastgolv'}","{'code': 'MFK.1', 'name': 'Beläggningar av matta eller plattor av plast utan krav på vattentäthet', 'aggregationName': None}","{'hasSubstancesCoveredByInformationRequirements': False, 'hasInformation': True, 'hasHealthAndEnvironmentalHazards': True, 'hasCircularity': True, 'hasRenewability': True, 'hasEnvironmentalEffects': True, 'hasEmissionsAndTests': True, 'hasArticleDocumentation': False, 'hasEpdDocumentation': False, 'hasBvdDocumentation': False, 'hasPbDocumentation': False, 'hasEmissionDocumentation': False, 'hasMhibetaDocumentation': False, 'hasSdbDocumentation': False, 'hasOtherDocumentation': False, 'hasCirculatedMaterials': True, 'hasReusability': False, 'hasReusabilityPercentage': False, 'hasRecyclability': False, 'hasRecyclabilityPercentage': False, 'hasCircularityBusinessModels': False, 'hasRenewableMaterials': True, 'hasBoverketEnvironmentalEffects': False, 'hasSwedishWoodArticle': False, 'hasEmissionsAndTestsVoc': True, 'hasEmissionsAndTestsFormaldehyde': True, 'hasEmissionsAndTestsCarcinogenic': True, 'hasEmissionsAndTestsLeaching': False}",2026-08-19T07:52:40.7,AS-33,probe-20260917-as33bastaprobe-2,2026-09-17,f195c5ac8c3129f49af7736cbab3ffe1e667b188a43dbeff37c15c5f12e0ffbb,42,65
700925,Signature Acoustic Tyne Concrete,AQ0SRE30CE.WG0BU,"3,5mm Thick, 1mm Wear Layer, 1mm Acoustic Foam Backing, (914.4mm x 114.3mm)",,Amtico Signature Acoustic,05023510160953,,,B-500254768-4,1,ALFA,[1],['ALFA'],,https://www.bastaonline.se/?aid=700925,"{'id': 279, 'name': 'Amtico International AB', 'url': None}","{'code': '03104', 'name': 'Plastgolv'}","{'code': 'MFK.1', 'name': 'Beläggningar av matta eller plattor av plast utan krav på vattentäthet', 'aggregationName': None}","{'hasSubstancesCoveredByInformationRequirements': False, 'hasInformation': True, 'hasHealthAndEnvironmentalHazards': True, 'hasCircularity': True, 'hasRenewability': True, 'hasEnvironmentalEffects': True, 'hasEmissionsAndTests': True, 'hasArticleDocumentation': False, 'hasEpdDocumentation': False, 'hasBvdDocumentation': False, 'hasPbDocumentation': False, 'hasEmissionDocumentation': False, 'hasMhibetaDocumentation': False, 'hasSdbDocumentation': False, 'hasOtherDocumentation': False, 'hasCirculatedMaterials': True, 'hasReusability': False, 'hasReusabilityPercentage': False, 'hasRecyclability': False, 'hasRecyclabilityPercentage': False, 'hasCircularityBusinessModels': False, 'hasRenewableMaterials': True, 'hasBoverketEnvironmentalEffects': False, 'hasSwedishWoodArticle': False, 'hasEmissionsAndTestsVoc': True, 'hasEmissionsAndTestsFormaldehyde': True, 'hasEmissionsAndTestsCarcinogenic': True, 'hasEmissionsAndTestsLeaching': False}",2026-08-19T07:52:40.7,AS-33,probe-20260917-as33bastaprobe-2,2026-09-17,f195c5ac8c3129f49af7736cbab3ffe1e667b188a43dbeff37c15c5f12e0ffbb,42,66
700069,Signature Acoustic Golden Oak,AQ0W7510BW.WM0BU,"3,5mm Thick, 1mm Wear Layer, 1mm Acoustic Foam Backing, (914.4mm x 228.6mm)",,Amtico Signature Acoustic,05023510039822,,,B-500254768-4,1,ALFA,[1],['ALFA'],,https://www.bastaonline.se/?aid=700069,"{'id': 279, 'name': 'Amtico International AB', 'url': None}","{'code': '03104', 'name': 'Plastgolv'}","{'code': 'MFK.1', 'name': 'Beläggningar av matta eller plattor av plast utan krav på vattentäthet', 'aggregationName': None}","{'hasSubstancesCoveredByInformationRequirements': False, 'hasInformation': True, 'hasHealthAndEnvironmentalHazards': True, 'hasCircularity': True, 'hasRenewability': True, 'hasEnvironmentalEffects': True, 'hasEmissionsAndTests': True, 'hasArticleDocumentation': False, 'hasEpdDocumentation': False, 'hasBvdDocumentation': False, 'hasPbDocumentation': False, 'hasEmissionDocumentation': False, 'hasMhibetaDocumentation': False, 'hasSdbDocumentation': False, 'hasOtherDocumentation': False, 'hasCirculatedMaterials': True, 'hasReusability': False, 'hasReusabilityPercentage': False, 'hasRecyclability': False, 'hasRecyclabilityPercentage': False, 'hasCircularityBusinessModels': False, 'hasRenewableMaterials': True, 'hasBoverketEnvironmentalEffects': False, 'hasSwedishWoodArticle': False, 'hasEmissionsAndTestsVoc': True, 'hasEmissionsAndTestsFormaldehyde': True, 'hasEmissionsAndTestsCarcinogenic': True, 'hasEmissionsAndTestsLeaching': False}",2026-08-19T07:53:03.473,AS-33,probe-20260917-as33bastaprobe-2,2026-09-17,f195c5ac8c3129f49af7736cbab3ffe1e667b188a43dbeff37c15c5f12e0ffbb,42,67
700890,Signature Acoustic Tempus Echo,AQ0STE13CE.WS0BU,"3,5mm Thick, 1mm Wear Layer, 1mm Acoustic Foam Backing, (914.4mm x 457.2mm)",,Amtico Signature Acoustic,05023510036371,,,B-500254768-4,1,ALFA,[1],['ALFA'],,https://www.bastaonline.se/?aid=700890,"{'id': 279, 'name': 'Amtico International AB', 'url': None}","{'code': '03104', 'name': 'Plastgolv'}","{'code': 'MFK.1', 'name': 'Beläggningar av matta eller plattor av plast utan krav på vattentäthet', 'aggregationName': None}","{'hasSubstancesCoveredByInformationRequirements': False, 'hasInformation': True, 'hasHealthAndEnvironmentalHazards': True, 'hasCircularity': True, 'hasRenewability': True, 'hasEnvironmentalEffects': True, 'hasEmissionsAndTests': True, 'hasArticleDocumentation': False, 'hasEpdDocumentation': False, 'hasBvdDocumentation': False, 'hasPbDocumentation': False, 'hasEmissionDocumentation': False, 'hasMhibetaDocumentation': False, 'hasSdbDocumentation': False, 'hasOtherDocumentation': False, 'hasCirculatedMaterials': True, 'hasReusability': False, 'hasReusabilityPercentage': False, 'hasRecyclability': False, 'hasRecyclabilityPercentage': False, 'hasCircularityBusinessModels': False, 'hasRenewableMaterials': True, 'hasBoverketEnvironmentalEffects': False, 'hasSwedishWoodArticle': False, 'hasEmissionsAndTestsVoc': True, 'hasEmissionsAndTestsFormaldehyde': True, 'hasEmissionsAndTestsCarcinogenic': True, 'hasEmissionsAndTestsLeaching': False}",2026-08-19T07:52:40.7,AS-33,probe-20260917-as33bastaprobe-2,2026-09-17,f195c5ac8c3129f49af7736cbab3ffe1e667b188a43dbeff37c15c5f12e0ffbb,42,68
700127,Signature Acoustic Harbour Pine,AQ0W7990WE.PP0BU," 3,5mm Thick, 1mm Wear Layer, 1mm Acoustic Foam Backing, (304.8mm x 304.8mm)",,Amtico Signature Acoustic,05023510169246,,,B-500254768-4,1,ALFA,[1],['ALFA'],,https://www.bastaonline.se/?aid=700127,"{'id': 279, 'name': 'Amtico International AB', 'url': None}","{'code': '03104', 'name': 'Plastgolv'}","{'code': 'MFK.1', 'name': 'Beläggningar av matta eller plattor av plast utan krav på vattentäthet', 'aggregationName': None}","{'hasSubstancesCoveredByInformationRequirements': False, 'hasInformation': True, 'hasHealthAndEnvironmentalHazards': True, 'hasCircularity': True, 'hasRenewability': True, 'hasEnvironmentalEffects': True, 'hasEmissionsAndTests': True, 'hasArticleDocumentation': False, 'hasEpdDocumentation': False, 'hasBvdDocumentation': False, 'hasPbDocumentation': False, 'hasEmissionDocumentation': False, 'hasMhibetaDocumentation': False, 'hasSdbDocumentation': False, 'hasOtherDocumentation': False, 'hasCirculatedMaterials': True, 'hasReusability': False, 'hasReusabilityPercentage': False, 'hasRecyclability': False, 'hasRecyclabilityPercentage': False, 'hasCircularityBusinessModels': False, 'hasRenewableMaterials': True, 'hasBoverketEnvironmentalEffects': False, 'hasSwedishWoodArticle': False, 'hasEmissionsAndTestsVoc': True, 'hasEmissionsAndTestsFormaldehyde': True, 'hasEmissionsAndTestsCarcinogenic': True, 'hasEmissionsAndTestsLeaching': False}",2026-08-19T07:53:03.473,AS-33,probe-20260917-as33bastaprobe-2,2026-09-17,f195c5ac8c3129f49af7736cbab3ffe1e667b188a43dbeff37c15c5f12e0ffbb,42,69
700882,Signature Acoustic Teak,AQ0W6990WE.SS0BU," 3,5mm Thick, 1mm Wear Layer, 1mm Acoustic Foam Backing, (457.2mm x 457.2mm)",,Amtico Signature Acoustic,05023510163343,,,B-500254768-4,1,ALFA,[1],['ALFA'],,https://www.bastaonline.se/?aid=700882,"{'id': 279, 'name': 'Amtico International AB', 'url': None}","{'code': '03104', 'name': 'Plastgolv'}","{'code': 'MFK.1', 'name': 'Beläggningar av matta eller plattor av plast utan krav på vattentäthet', 'aggregationName': None}","{'hasSubstancesCoveredByInformationRequirements': False, 'hasInformation': True, 'hasHealthAndEnvironmentalHazards': True, 'hasCircularity': True, 'hasRenewability': True, 'hasEnvironmentalEffects': True, 'hasEmissionsAndTests': True, 'hasArticleDocumentation': False, 'hasEpdDocumentation': False, 'hasBvdDocumentation': False, 'hasPbDocumentation': False, 'hasEmissionDocumentation': False, 'hasMhibetaDocumentation': False, 'hasSdbDocumentation': False, 'hasOtherDocumentation': False, 'hasCirculatedMaterials': True, 'hasReusability': False, 'hasReusabilityPercentage': False, 'hasRecyclability': False, 'hasRecyclabilityPercentage': False, 'hasCircularityBusinessModels': False, 'hasRenewableMaterials': True, 'hasBoverketEnvironmentalEffects': False, 'hasSwedishWoodArticle': False, 'hasEmissionsAndTestsVoc': True, 'hasEmissionsAndTestsFormaldehyde': True, 'hasEmissionsAndTestsCarcinogenic': True, 'hasEmissionsAndTestsLeaching': False}",2026-08-19T07:52:40.7,AS-33,probe-20260917-as33bastaprobe-2,2026-09-17,f195c5ac8c3129f49af7736cbab3ffe1e667b188a43dbeff37c15c5f12e0ffbb,42,70
700076,Signature Acoustic Graphite Slate,AQ0SSL23CE.WK0BU,"3,5mm Thick, 1mm Wear Layer, 1mm Acoustic Foam Backing, (914.4x152.4mm)",,Amtico Signature Acoustic,05023510162094,,,B-500254768-4,1,ALFA,[1],['ALFA'],,https://www.bastaonline.se/?aid=700076,"{'id': 279, 'name': 'Amtico International AB', 'url': None}","{'code': '03104', 'name': 'Plastgolv'}","{'code': 'MFK.1', 'name': 'Beläggningar av matta eller plattor av plast utan krav på vattentäthet', 'aggregationName': None}","{'hasSubstancesCoveredByInformationRequirements': False, 'hasInformation': True, 'hasHealthAndEnvironmentalHazards': True, 'hasCircularity': True, 'hasRenewability': True, 'hasEnvironmentalEffects': True, 'hasEmissionsAndTests': True, 'hasArticleDocumentation': False, 'hasEpdDocumentation': False, 'hasBvdDocumentation': False, 'hasPbDocumentation': False, 'hasEmissionDocumentation': False, 'hasMhibetaDocumentation': False, 'hasSdbDocumentation': False, 'hasOtherDocumentation': False, 'hasCirculatedMaterials': True, 'hasReusability': False, 'hasReusabilityPercentage': False, 'hasRecyclability': False, 'hasRecyclabilityPercentage': False, 'hasCircularityBusinessModels': False, 'hasRenewableMaterials': True, 'hasBoverketEnvironmentalEffects': False, 'hasSwedishWoodArticle': False, 'hasEmissionsAndTestsVoc': True, 'hasEmissionsAndTestsFormaldehyde': True, 'hasEmissionsAndTestsCarcinogenic': True, 'hasEmissionsAndTestsLeaching': False}",2026-08-19T07:52:40.7,AS-33,probe-20260917-as33bastaprobe-2,2026-09-17,f195c5ac8c3129f49af7736cbab3ffe1e667b188a43dbeff37c15c5f12e0ffbb,42,71
700135,Signature Acoustic Harbour Pine,AQ0W7990WE.US0BU,"3,5mm Thick, 1mm Wear Layer, 1mm Acoustic Foam Backing, (609.6mm x 457.2mm)",,Amtico Signature Acoustic,05023510046813,,,B-500254768-4,1,ALFA,[1],['ALFA'],,https://www.bastaonline.se/?aid=700135,"{'id': 279, 'name': 'Amtico International AB', 'url': None}","{'code': '03104', 'name': 'Plastgolv'}","{'code': 'MFK.1', 'name': 'Beläggningar av matta eller plattor av plast utan krav på vattentäthet', 'aggregationName': None}","{'hasSubstancesCoveredByInformationRequirements': False, 'hasInformation': True, 'hasHealthAndEnvironmentalHazards': True, 'hasCircularity': True, 'hasRenewability': True, 'hasEnvironmentalEffects': True, 'hasEmissionsAndTests': True, 'hasArticleDocumentation': False, 'hasEpdDocumentation': False, 'hasBvdDocumentation': False, 'hasPbDocumentation': False, 'hasEmissionDocumentation': False, 'hasMhibetaDocumentation': False, 'hasSdbDocumentation': False, 'hasOtherDocumentation': False, 'hasCirculatedMaterials': True, 'hasReusability': False, 'hasReusabilityPercentage': False, 'hasRecyclability': False, 'hasRecyclabilityPercentage': False, 'hasCircularityBusinessModels': False, 'hasRenewableMaterials': True, 'hasBoverketEnvironmentalEffects': False, 'hasSwedishWoodArticle': False, 'hasEmissionsAndTestsVoc': True, 'hasEmissionsAndTestsFormaldehyde': True, 'hasEmissionsAndTestsCarcinogenic': True, 'hasEmissionsAndTestsLeaching': False}",2026-08-19T07:53:03.473,AS-33,probe-20260917-as33bastaprobe-2,2026-09-17,f195c5ac8c3129f49af7736cbab3ffe1e667b188a43dbeff37c15c5f12e0ffbb,42,72
700799,Signature Acoustic Stucco Huckleberry,AQ0AUC92CE.WB0BU,"3,5mm Thick, 1mm Wear Layer, 1mm Acoustic Foam Backing, (914.mm 4x 76.2mm)",,Amtico Signature Acoustic,05023510155959,,,B-500254768-4,1,ALFA,[1],['ALFA'],,https://www.bastaonline.se/?aid=700799,"{'id': 279, 'name': 'Amtico International AB', 'url': None}","{'code': '03104', 'name': 'Plastgolv'}","{'code': 'MFK.1', 'name': 'Beläggningar av matta eller plattor av plast utan krav på vattentäthet', 'aggregationName': None}","{'hasSubstancesCoveredByInformationRequirements': False, 'hasInformation': True, 'hasHealthAndEnvironmentalHazards': True, 'hasCircularity': True, 'hasRenewability': True, 'hasEnvironmentalEffects': True, 'hasEmissionsAndTests': True, 'hasArticleDocumentation': False, 'hasEpdDocumentation': False, 'hasBvdDocumentation': False, 'hasPbDocumentation': False, 'hasEmissionDocumentation': False, 'hasMhibetaDocumentation': False, 'hasSdbDocumentation': False, 'hasOtherDocumentation': False, 'hasCirculatedMaterials': True, 'hasReusability': False, 'hasReusabilityPercentage': False, 'hasRecyclability': False, 'hasRecyclabilityPercentage': False, 'hasCircularityBusinessModels': False, 'hasRenewableMaterials': True, 'hasBoverketEnvironmentalEffects': False, 'hasSwedishWoodArticle': False, 'hasEmissionsAndTestsVoc': True, 'hasEmissionsAndTestsFormaldehyde': True, 'hasEmissionsAndTestsCarcinogenic': True, 'hasEmissionsAndTestsLeaching': False}",2026-08-19T07:52:18.01,AS-33,probe-20260917-as33bastaprobe-2,2026-09-17,f195c5ac8c3129f49af7736cbab3ffe1e667b188a43dbeff37c15c5f12e0ffbb,42,73
700071,Signature Acoustic Golden Oak,AQ0W7510BW.WB0BU,"3,5mm Thick, 1mm Wear Layer, 1mm Acoustic Foam Backing, (914.mm 4x 76.2mm)",,Amtico Signature Acoustic,05023510164920,,,B-500254768-4,1,ALFA,[1],['ALFA'],,https://www.bastaonline.se/?aid=700071,"{'id': 279, 'name': 'Amtico International AB', 'url': None}","{'code': '03104', 'name': 'Plastgolv'}","{'code': 'MFK.1', 'name': 'Beläggningar av matta eller plattor av plast utan krav på vattentäthet', 'aggregationName': None}","{'hasSubstancesCoveredByInformationRequirements': False, 'hasInformation': True, 'hasHealthAndEnvironmentalHazards': True, 'hasCircularity': True, 'hasRenewability': True, 'hasEnvironmentalEffects': True, 'hasEmissionsAndTests': True, 'hasArticleDocumentation': False, 'hasEpdDocumentation': False, 'hasBvdDocumentation': False, 'hasPbDocumentation': False, 'hasEmissionDocumentation': False, 'hasMhibetaDocumentation': False, 'hasSdbDocumentation': False, 'hasOtherDocumentation': False, 'hasCirculatedMaterials': True, 'hasReusability': False, 'hasReusabilityPercentage': False, 'hasRecyclability': False, 'hasRecyclabilityPercentage': False, 'hasCircularityBusinessModels': False, 'hasRenewableMaterials': True, 'hasBoverketEnvironmentalEffects': False, 'hasSwedishWoodArticle': False, 'hasEmissionsAndTestsVoc': True, 'hasEmissionsAndTestsFormaldehyde': True, 'hasEmissionsAndTestsCarcinogenic': True, 'hasEmissionsAndTestsLeaching': False}",2026-08-19T07:53:03.473,AS-33,probe-20260917-as33bastaprobe-2,2026-09-17,f195c5ac8c3129f49af7736cbab3ffe1e667b188a43dbeff37c15c5f12e0ffbb,42,74
700111,Signature Acoustic Grizedale Oak,AQ0W8830WS.WB0BU,"3,5mm Thick, 1mm Wear Layer, 1mm Acoustic Foam Backing, (914.mm 4x 76.2mm)",,Amtico Signature Acoustic,05023510172697,,,B-500254768-4,1,ALFA,[1],['ALFA'],,https://www.bastaonline.se/?aid=700111,"{'id': 279, 'name': 'Amtico International AB', 'url': None}","{'code': '03104', 'name': 'Plastgolv'}","{'code': 'MFK.1', 'name': 'Beläggningar av matta eller plattor av plast utan krav på vattentäthet', 'aggregationName': None}","{'hasSubstancesCoveredByInformationRequirements': False, 'hasInformation': True, 'hasHealthAndEnvironmentalHazards': True, 'hasCircularity': True, 'hasRenewability': True, 'hasEnvironmentalEffects': True, 'hasEmissionsAndTests': True, 'hasArticleDocumentation': False, 'hasEpdDocumentation': False, 'hasBvdDocumentation': False, 'hasPbDocumentation': False, 'hasEmissionDocumentation': False, 'hasMhibetaDocumentation': False, 'hasSdbDocumentation': False, 'hasOtherDocumentation': False, 'hasCirculatedMaterials': True, 'hasReusability': False, 'hasReusabilityPercentage': False, 'hasRecyclability': False, 'hasRecyclabilityPercentage': False, 'hasCircularityBusinessModels': False, 'hasRenewableMaterials': True, 'hasBoverketEnvironmentalEffects': False, 'hasSwedishWoodArticle': False, 'hasEmissionsAndTestsVoc': True, 'hasEmissionsAndTestsFormaldehyde': True, 'hasEmissionsAndTestsCarcinogenic': True, 'hasEmissionsAndTestsLeaching': False}",2026-08-19T07:53:17.51,AS-33,probe-20260917-as33bastaprobe-2,2026-09-17,f195c5ac8c3129f49af7736cbab3ffe1e667b188a43dbeff37c15c5f12e0ffbb,42,75
700822,Signature Acoustic Stucco Nutmeg,AQ0AUC89CE.UP0BU,"3,5mm Thick, 1mm Wear Layer, 1mm Acoustic Foam Backing, (609.6mm x 304.8mm)",,Amtico Signature Acoustic,05023510155744,,,B-500254768-4,1,ALFA,[1],['ALFA'],,https://www.bastaonline.se/?aid=700822,"{'id': 279, 'name': 'Amtico International AB', 'url': None}","{'code': '03104', 'name': 'Plastgolv'}","{'code': 'MFK.1', 'name': 'Beläggningar av matta eller plattor av plast utan krav på vattentäthet', 'aggregationName': None}","{'hasSubstancesCoveredByInformationRequirements': False, 'hasInformation': True, 'hasHealthAndEnvironmentalHazards': True, 'hasCircularity': True, 'hasRenewability': True, 'hasEnvironmentalEffects': True, 'hasEmissionsAndTests': True, 'hasArticleDocumentation': False, 'hasEpdDocumentation': False, 'hasBvdDocumentation': False, 'hasPbDocumentation': False, 'hasEmissionDocumentation': False, 'hasMhibetaDocumentation': False, 'hasSdbDocumentation': False, 'hasOtherDocumentation': False, 'hasCirculatedMaterials': True, 'hasReusability': False, 'hasReusabilityPercentage': False, 'hasRecyclability': False, 'hasRecyclabilityPercentage': False, 'hasCircularityBusinessModels': False, 'hasRenewableMaterials': True, 'hasBoverketEnvironmentalEffects': False, 'hasSwedishWoodArticle': False, 'hasEmissionsAndTestsVoc': True, 'hasEmissionsAndTestsFormaldehyde': True, 'hasEmissionsAndTestsCarcinogenic': True, 'hasEmissionsAndTestsLeaching': False}",2026-08-19T07:52:18.01,AS-33,probe-20260917-as33bastaprobe-2,2026-09-17,f195c5ac8c3129f49af7736cbab3ffe1e667b188a43dbeff37c15c5f12e0ffbb,42,76
700094,Signature Acoustic Grey Burnished Metal,AQ0ARH13CE.WG0BU,"3,5mm Thick, 1mm Wear Layer, 1mm Acoustic Foam Backing, (914.4mm x 114.3mm)",,Amtico Signature Acoustic,05023510154235,,,B-500254768-4,1,ALFA,[1],['ALFA'],,https://www.bastaonline.se/?aid=700094,"{'id': 279, 'name': 'Amtico International AB', 'url': None}","{'code': '03104', 'name': 'Plastgolv'}","{'code': 'MFK.1', 'name': 'Beläggningar av matta eller plattor av plast utan krav på vattentäthet', 'aggregationName': None}","{'hasSubstancesCoveredByInformationRequirements': False, 'hasInformation': True, 'hasHealthAndEnvironmentalHazards': True, 'hasCircularity': True, 'hasRenewability': True, 'hasEnvironmentalEffects': True, 'hasEmissionsAndTests': True, 'hasArticleDocumentation': False, 'hasEpdDocumentation': False, 'hasBvdDocumentation': False, 'hasPbDocumentation': False, 'hasEmissionDocumentation': False, 'hasMhibetaDocumentation': False, 'hasSdbDocumentation': False, 'hasOtherDocumentation': False, 'hasCirculatedMaterials': True, 'hasReusability': False, 'hasReusabilityPercentage': False, 'hasRecyclability': False, 'hasRecyclabilityPercentage': False, 'hasCircularityBusinessModels': False, 'hasRenewableMaterials': True, 'hasBoverketEnvironmentalEffects': False, 'hasSwedishWoodArticle': False, 'hasEmissionsAndTestsVoc': True, 'hasEmissionsAndTestsFormaldehyde': True, 'hasEmissionsAndTestsCarcinogenic': True, 'hasEmissionsAndTestsLeaching': False}",2026-08-19T07:52:18.01,AS-33,probe-20260917-as33bastaprobe-2,2026-09-17,f195c5ac8c3129f49af7736cbab3ffe1e667b188a43dbeff37c15c5f12e0ffbb,42,77
700843,Signature Acoustic Stucco Pebble,AQ0AUC38CE.SS0BU," 3,5mm Thick, 1mm Wear Layer, 1mm Acoustic Foam Backing, (457.2mm x 457.2mm)",,Amtico Signature Acoustic,05023510155096,,,B-500254768-4,1,ALFA,[1],['ALFA'],,https://www.bastaonline.se/?aid=700843,"{'id': 279, 'name': 'Amtico International AB', 'url': None}","{'code': '03104', 'name': 'Plastgolv'}","{'code': 'MFK.1', 'name': 'Beläggningar av matta eller plattor av plast utan krav på vattentäthet', 'aggregationName': None}","{'hasSubstancesCoveredByInformationRequirements': False, 'hasInformation': True, 'hasHealthAndEnvironmentalHazards': True, 'hasCircularity': True, 'hasRenewability': True, 'hasEnvironmentalEffects': True, 'hasEmissionsAndTests': True, 'hasArticleDocumentation': False, 'hasEpdDocumentation': False, 'hasBvdDocumentation': False, 'hasPbDocumentation': False, 'hasEmissionDocumentation': False, 'hasMhibetaDocumentation': False, 'hasSdbDocumentation': False, 'hasOtherDocumentation': False, 'hasCirculatedMaterials': True, 'hasReusability': False, 'hasReusabilityPercentage': False, 'hasRecyclability': False, 'hasRecyclabilityPercentage': False, 'hasCircularityBusinessModels': False, 'hasRenewableMaterials': True, 'hasBoverketEnvironmentalEffects': False, 'hasSwedishWoodArticle': False, 'hasEmissionsAndTestsVoc': True, 'hasEmissionsAndTestsFormaldehyde': True, 'hasEmissionsAndTestsCarcinogenic': True, 'hasEmissionsAndTestsLeaching': False}",2026-08-19T07:52:18.01,AS-33,probe-20260917-as33bastaprobe-2,2026-09-17,f195c5ac8c3129f49af7736cbab3ffe1e667b188a43dbeff37c15c5f12e0ffbb,42,78
700892,Signature Acoustic Tempus Embrace,AQ0STE30CE.UP0BU,"3,5mm Thick, 1mm Wear Layer, 1mm Acoustic Foam Backing, (609.6mm x 304.8mm)",,Amtico Signature Acoustic,05023510162704,,,B-500254768-4,1,ALFA,[1],['ALFA'],,https://www.bastaonline.se/?aid=700892,"{'id': 279, 'name': 'Amtico International AB', 'url': None}","{'code': '03104', 'name': 'Plastgolv'}","{'code': 'MFK.1', 'name': 'Beläggningar av matta eller plattor av plast utan krav på vattentäthet', 'aggregationName': None}","{'hasSubstancesCoveredByInformationRequirements': False, 'hasInformation': True, 'hasHealthAndEnvironmentalHazards': True, 'hasCircularity': True, 'hasRenewability': True, 'hasEnvironmentalEffects': True, 'hasEmissionsAndTests': True, 'hasArticleDocumentation': False, 'hasEpdDocumentation': False, 'hasBvdDocumentation': False, 'hasPbDocumentation': False, 'hasEmissionDocumentation': False, 'hasMhibetaDocumentation': False, 'hasSdbDocumentation': False, 'hasOtherDocumentation': False, 'hasCirculatedMaterials': True, 'hasReusability': False, 'hasReusabilityPercentage': False, 'hasRecyclability': False, 'hasRecyclabilityPercentage': False, 'hasCircularityBusinessModels': False, 'hasRenewableMaterials': True, 'hasBoverketEnvironmentalEffects': False, 'hasSwedishWoodArticle': False, 'hasEmissionsAndTestsVoc': True, 'hasEmissionsAndTestsFormaldehyde': True, 'hasEmissionsAndTestsCarcinogenic': True, 'hasEmissionsAndTestsLeaching': False}",2026-08-19T07:52:40.7,AS-33,probe-20260917-as33bastaprobe-2,2026-09-17,f195c5ac8c3129f49af7736cbab3ffe1e667b188a43dbeff37c15c5f12e0ffbb,42,79
700819,Signature Acoustic Stucco Nutmeg,AQ0AUC89CE.SK0BU," 3,5mm Thick, 1mm Wear Layer, 1mm Acoustic Foam Backing, (457.2mm x 152.4mm)",,Amtico Signature Acoustic,05023510155713,,,B-500254768-4,1,ALFA,[1],['ALFA'],,https://www.bastaonline.se/?aid=700819,"{'id': 279, 'name': 'Amtico International AB', 'url': None}","{'code': '03104', 'name': 'Plastgolv'}","{'code': 'MFK.1', 'name': 'Beläggningar av matta eller plattor av plast utan krav på vattentäthet', 'aggregationName': None}","{'hasSubstancesCoveredByInformationRequirements': False, 'hasInformation': True, 'hasHealthAndEnvironmentalHazards': True, 'hasCircularity': True, 'hasRenewability': True, 'hasEnvironmentalEffects': True, 'hasEmissionsAndTests': True, 'hasArticleDocumentation': False, 'hasEpdDocumentation': False, 'hasBvdDocumentation': False, 'hasPbDocumentation': False, 'hasEmissionDocumentation': False, 'hasMhibetaDocumentation': False, 'hasSdbDocumentation': False, 'hasOtherDocumentation': False, 'hasCirculatedMaterials': True, 'hasReusability': False, 'hasReusabilityPercentage': False, 'hasRecyclability': False, 'hasRecyclabilityPercentage': False, 'hasCircularityBusinessModels': False, 'hasRenewableMaterials': True, 'hasBoverketEnvironmentalEffects': False, 'hasSwedishWoodArticle': False, 'hasEmissionsAndTestsVoc': True, 'hasEmissionsAndTestsFormaldehyde': True, 'hasEmissionsAndTestsCarcinogenic': True, 'hasEmissionsAndTestsLeaching': False}",2026-08-19T07:52:18.01,AS-33,probe-20260917-as33bastaprobe-2,2026-09-17,f195c5ac8c3129f49af7736cbab3ffe1e667b188a43dbeff37c15c5f12e0ffbb,42,80
700159,Signature Acoustic Honed Limestone Natural,AQ0SLH11CE.SP0BU," 3,5mm Thick, 1mm Wear Layer, 1mm Acoustic Foam Backing, (457.2mm x 304.8mm)",,Amtico Signature Acoustic,05023510157816,,,B-500254768-4,1,ALFA,[1],['ALFA'],,https://www.bastaonline.se/?aid=700159,"{'id': 279, 'name': 'Amtico International AB', 'url': None}","{'code': '03104', 'name': 'Plastgolv'}","{'code': 'MFK.1', 'name': 'Beläggningar av matta eller plattor av plast utan krav på vattentäthet', 'aggregationName': None}","{'hasSubstancesCoveredByInformationRequirements': False, 'hasInformation': True, 'hasHealthAndEnvironmentalHazards': True, 'hasCircularity': True, 'hasRenewability': True, 'hasEnvironmentalEffects': True, 'hasEmissionsAndTests': True, 'hasArticleDocumentation': False, 'hasEpdDocumentation': False, 'hasBvdDocumentation': False, 'hasPbDocumentation': False, 'hasEmissionDocumentation': False, 'hasMhibetaDocumentation': False, 'hasSdbDocumentation': False, 'hasOtherDocumentation': False, 'hasCirculatedMaterials': True, 'hasReusability': False, 'hasReusabilityPercentage': False, 'hasRecyclability': False, 'hasRecyclabilityPercentage': False, 'hasCircularityBusinessModels': False, 'hasRenewableMaterials': True, 'hasBoverketEnvironmentalEffects': False, 'hasSwedishWoodArticle': False, 'hasEmissionsAndTestsVoc': True, 'hasEmissionsAndTestsFormaldehyde': True, 'hasEmissionsAndTestsCarcinogenic': True, 'hasEmissionsAndTestsLeaching': False}",2026-08-19T07:52:18.01,AS-33,probe-20260917-as33bastaprobe-2,2026-09-17,f195c5ac8c3129f49af7736cbab3ffe1e667b188a43dbeff37c15c5f12e0ffbb,42,81
700157,Signature Acoustic Henley Oak,AQ0W8740WS.WK0BU,"3,5mm Thick, 1mm Wear Layer, 1mm Acoustic Foam Backing, (914.4x152.4mm)",,Amtico Signature Acoustic,05023510172406,,,B-500254768-4,1,ALFA,[1],['ALFA'],,https://www.bastaonline.se/?aid=700157,"{'id': 279, 'name': 'Amtico International AB', 'url': None}","{'code': '03104', 'name': 'Plastgolv'}","{'code': 'MFK.1', 'name': 'Beläggningar av matta eller plattor av plast utan krav på vattentäthet', 'aggregationName': None}","{'hasSubstancesCoveredByInformationRequirements': False, 'hasInformation': True, 'hasHealthAndEnvironmentalHazards': True, 'hasCircularity': True, 'hasRenewability': True, 'hasEnvironmentalEffects': True, 'hasEmissionsAndTests': True, 'hasArticleDocumentation': False, 'hasEpdDocumentation': False, 'hasBvdDocumentation': False, 'hasPbDocumentation': False, 'hasEmissionDocumentation': False, 'hasMhibetaDocumentation': False, 'hasSdbDocumentation': False, 'hasOtherDocumentation': False, 'hasCirculatedMaterials': True, 'hasReusability': False, 'hasReusabilityPercentage': False, 'hasRecyclability': False, 'hasRecyclabilityPercentage': False, 'hasCircularityBusinessModels': False, 'hasRenewableMaterials': True, 'hasBoverketEnvironmentalEffects': False, 'hasSwedishWoodArticle': False, 'hasEmissionsAndTestsVoc': True, 'hasEmissionsAndTestsFormaldehyde': True, 'hasEmissionsAndTestsCarcinogenic': True, 'hasEmissionsAndTestsLeaching': False}",2026-08-19T07:53:17.51,AS-33,probe-20260917-as33bastaprobe-2,2026-09-17,f195c5ac8c3129f49af7736cbab3ffe1e667b188a43dbeff37c15c5f12e0ffbb,42,82
700164,Signature Acoustic Honed Limestone Natural,AQ0SLH11CE.WK0BU,"3,5mm Thick, 1mm Wear Layer, 1mm Acoustic Foam Backing, (914.4x152.4mm)",,Amtico Signature Acoustic,05023510157861,,,B-500254768-4,1,ALFA,[1],['ALFA'],,https://www.bastaonline.se/?aid=700164,"{'id': 279, 'name': 'Amtico International AB', 'url': None}","{'code': '03104', 'name': 'Plastgolv'}","{'code': 'MFK.1', 'name': 'Beläggningar av matta eller plattor av plast utan krav på vattentäthet', 'aggregationName': None}","{'hasSubstancesCoveredByInformationRequirements': False, 'hasInformation': True, 'hasHealthAndEnvironmentalHazards': True, 'hasCircularity': True, 'hasRenewability': True, 'hasEnvironmentalEffects': True, 'hasEmissionsAndTests': True, 'hasArticleDocumentation': False, 'hasEpdDocumentation': False, 'hasBvdDocumentation': False, 'hasPbDocumentation': False, 'hasEmissionDocumentation': False, 'hasMhibetaDocumentation': False, 'hasSdbDocumentation': False, 'hasOtherDocumentation': False, 'hasCirculatedMaterials': True, 'hasReusability': False, 'hasReusabilityPercentage': False, 'hasRecyclability': False, 'hasRecyclabilityPercentage': False, 'hasCircularityBusinessModels': False, 'hasRenewableMaterials': True, 'hasBoverketEnvironmentalEffects': False, 'hasSwedishWoodArticle': False, 'hasEmissionsAndTestsVoc': True, 'hasEmissionsAndTestsFormaldehyde': True, 'hasEmissionsAndTestsCarcinogenic': True, 'hasEmissionsAndTestsLeaching': False}",2026-08-19T07:52:18.01,AS-33,probe-20260917-as33bastaprobe-2,2026-09-17,f195c5ac8c3129f49af7736cbab3ffe1e667b188a43dbeff37c15c5f12e0ffbb,42,83
700193,Signature Acoustic Kura Anise,AQ0SKU39CE.SS0BU," 3,5mm Thick, 1mm Wear Layer, 1mm Acoustic Foam Backing, (457.2mm x 457.2mm)",,Amtico Signature Acoustic,05023510157502,,,B-500254768-4,1,ALFA,[1],['ALFA'],,https://www.bastaonline.se/?aid=700193,"{'id': 279, 'name': 'Amtico International AB', 'url': None}","{'code': '03104', 'name': 'Plastgolv'}","{'code': 'MFK.1', 'name': 'Beläggningar av matta eller plattor av plast utan krav på vattentäthet', 'aggregationName': None}","{'hasSubstancesCoveredByInformationRequirements': False, 'hasInformation': True, 'hasHealthAndEnvironmentalHazards': True, 'hasCircularity': True, 'hasRenewability': True, 'hasEnvironmentalEffects': True, 'hasEmissionsAndTests': True, 'hasArticleDocumentation': False, 'hasEpdDocumentation': False, 'hasBvdDocumentation': False, 'hasPbDocumentation': False, 'hasEmissionDocumentation': False, 'hasMhibetaDocumentation': False, 'hasSdbDocumentation': False, 'hasOtherDocumentation': False, 'hasCirculatedMaterials': True, 'hasReusability': False, 'hasReusabilityPercentage': False, 'hasRecyclability': False, 'hasRecyclabilityPercentage': False, 'hasCircularityBusinessModels': False, 'hasRenewableMaterials': True, 'hasBoverketEnvironmentalEffects': False, 'hasSwedishWoodArticle': False, 'hasEmissionsAndTestsVoc': True, 'hasEmissionsAndTestsFormaldehyde': True, 'hasEmissionsAndTestsCarcinogenic': True, 'hasEmissionsAndTestsLeaching': False}",2026-08-19T07:52:18.01,AS-33,probe-20260917-as33bastaprobe-2,2026-09-17,f195c5ac8c3129f49af7736cbab3ffe1e667b188a43dbeff37c15c5f12e0ffbb,42,84
700872,Signature Acoustic Tay Oak,AQ0W8900WT.YE0BU," 3,5mm Thick, 1mm Wear Layer, 1mm Acoustic Foam Backing, (1219.2mm x 184.2mm)",,Amtico Signature Acoustic,05023510172925,,,B-500254768-4,1,ALFA,[1],['ALFA'],,https://www.bastaonline.se/?aid=700872,"{'id': 279, 'name': 'Amtico International AB', 'url': None}","{'code': '03104', 'name': 'Plastgolv'}","{'code': 'MFK.1', 'name': 'Beläggningar av matta eller plattor av plast utan krav på vattentäthet', 'aggregationName': None}","{'hasSubstancesCoveredByInformationRequirements': False, 'hasInformation': True, 'hasHealthAndEnvironmentalHazards': True, 'hasCircularity': True, 'hasRenewability': True, 'hasEnvironmentalEffects': True, 'hasEmissionsAndTests': True, 'hasArticleDocumentation': False, 'hasEpdDocumentation': False, 'hasBvdDocumentation': False, 'hasPbDocumentation': False, 'hasEmissionDocumentation': False, 'hasMhibetaDocumentation': False, 'hasSdbDocumentation': False, 'hasOtherDocumentation': False, 'hasCirculatedMaterials': True, 'hasReusability': False, 'hasReusabilityPercentage': False, 'hasRecyclability': False, 'hasRecyclabilityPercentage': False, 'hasCircularityBusinessModels': False, 'hasRenewableMaterials': True, 'hasBoverketEnvironmentalEffects': False, 'hasSwedishWoodArticle': False, 'hasEmissionsAndTestsVoc': True, 'hasEmissionsAndTestsFormaldehyde': True, 'hasEmissionsAndTestsCarcinogenic': True, 'hasEmissionsAndTestsLeaching': False}",2026-08-19T07:53:17.51,AS-33,probe-20260917-as33bastaprobe-2,2026-09-17,f195c5ac8c3129f49af7736cbab3ffe1e667b188a43dbeff37c15c5f12e0ffbb,42,85
700801,Signature Acoustic Stucco Indigo,AQ0AUC91CE.SK0BU," 3,5mm Thick, 1mm Wear Layer, 1mm Acoustic Foam Backing, (457.2mm x 152.4mm)",,Amtico Signature Acoustic,05023510155829,,,B-500254768-4,1,ALFA,[1],['ALFA'],,https://www.bastaonline.se/?aid=700801,"{'id': 279, 'name': 'Amtico International AB', 'url': None}","{'code': '03104', 'name': 'Plastgolv'}","{'code': 'MFK.1', 'name': 'Beläggningar av matta eller plattor av plast utan krav på vattentäthet', 'aggregationName': None}","{'hasSubstancesCoveredByInformationRequirements': False, 'hasInformation': True, 'hasHealthAndEnvironmentalHazards': True, 'hasCircularity': True, 'hasRenewability': True, 'hasEnvironmentalEffects': True, 'hasEmissionsAndTests': True, 'hasArticleDocumentation': False, 'hasEpdDocumentation': False, 'hasBvdDocumentation': False, 'hasPbDocumentation': False, 'hasEmissionDocumentation': False, 'hasMhibetaDocumentation': False, 'hasSdbDocumentation': False, 'hasOtherDocumentation': False, 'hasCirculatedMaterials': True, 'hasReusability': False, 'hasReusabilityPercentage': False, 'hasRecyclability': False, 'hasRecyclabilityPercentage': False, 'hasCircularityBusinessModels': False, 'hasRenewableMaterials': True, 'hasBoverketEnvironmentalEffects': False, 'hasSwedishWoodArticle': False, 'hasEmissionsAndTestsVoc': True, 'hasEmissionsAndTestsFormaldehyde': True, 'hasEmissionsAndTestsCarcinogenic': True, 'hasEmissionsAndTestsLeaching': False}",2026-08-19T07:52:18.01,AS-33,probe-20260917-as33bastaprobe-2,2026-09-17,f195c5ac8c3129f49af7736cbab3ffe1e667b188a43dbeff37c15c5f12e0ffbb,42,86
700900,Signature Acoustic Tollymore Oak,AQ0W8760WS.YE0BU," 3,5mm Thick, 1mm Wear Layer, 1mm Acoustic Foam Backing, (1219.2mm x 184.2mm)",,Amtico Signature Acoustic,05023510172499,,,B-500254768-4,1,ALFA,[1],['ALFA'],,https://www.bastaonline.se/?aid=700900,"{'id': 279, 'name': 'Amtico International AB', 'url': None}","{'code': '03104', 'name': 'Plastgolv'}","{'code': 'MFK.1', 'name': 'Beläggningar av matta eller plattor av plast utan krav på vattentäthet', 'aggregationName': None}","{'hasSubstancesCoveredByInformationRequirements': False, 'hasInformation': True, 'hasHealthAndEnvironmentalHazards': True, 'hasCircularity': True, 'hasRenewability': True, 'hasEnvironmentalEffects': True, 'hasEmissionsAndTests': True, 'hasArticleDocumentation': False, 'hasEpdDocumentation': False, 'hasBvdDocumentation': False, 'hasPbDocumentation': False, 'hasEmissionDocumentation': False, 'hasMhibetaDocumentation': False, 'hasSdbDocumentation': False, 'hasOtherDocumentation': False, 'hasCirculatedMaterials': True, 'hasReusability': False, 'hasReusabilityPercentage': False, 'hasRecyclability': False, 'hasRecyclabilityPercentage': False, 'hasCircularityBusinessModels': False, 'hasRenewableMaterials': True, 'hasBoverketEnvironmentalEffects': False, 'hasSwedishWoodArticle': False, 'hasEmissionsAndTestsVoc': True, 'hasEmissionsAndTestsFormaldehyde': True, 'hasEmissionsAndTestsCarcinogenic': True, 'hasEmissionsAndTestsLeaching': False}",2026-08-19T07:53:17.51,AS-33,probe-20260917-as33bastaprobe-2,2026-09-17,f195c5ac8c3129f49af7736cbab3ffe1e667b188a43dbeff37c15c5f12e0ffbb,42,87
700858,Signature Acoustic Stucco Quartz,AQ0AUC15CE.UP0BU,"3,5mm Thick, 1mm Wear Layer, 1mm Acoustic Foam Backing, (609.6mm x 304.8mm)",,Amtico Signature Acoustic,05023510154785,,,B-500254768-4,1,ALFA,[1],['ALFA'],,https://www.bastaonline.se/?aid=700858,"{'id': 279, 'name': 'Amtico International AB', 'url': None}","{'code': '03104', 'name': 'Plastgolv'}","{'code': 'MFK.1', 'name': 'Beläggningar av matta eller plattor av plast utan krav på vattentäthet', 'aggregationName': None}","{'hasSubstancesCoveredByInformationRequirements': False, 'hasInformation': True, 'hasHealthAndEnvironmentalHazards': True, 'hasCircularity': True, 'hasRenewability': True, 'hasEnvironmentalEffects': True, 'hasEmissionsAndTests': True, 'hasArticleDocumentation': False, 'hasEpdDocumentation': False, 'hasBvdDocumentation': False, 'hasPbDocumentation': False, 'hasEmissionDocumentation': False, 'hasMhibetaDocumentation': False, 'hasSdbDocumentation': False, 'hasOtherDocumentation': False, 'hasCirculatedMaterials': True, 'hasReusability': False, 'hasReusabilityPercentage': False, 'hasRecyclability': False, 'hasRecyclabilityPercentage': False, 'hasCircularityBusinessModels': False, 'hasRenewableMaterials': True, 'hasBoverketEnvironmentalEffects': False, 'hasSwedishWoodArticle': False, 'hasEmissionsAndTestsVoc': True, 'hasEmissionsAndTestsFormaldehyde': True, 'hasEmissionsAndTestsCarcinogenic': True, 'hasEmissionsAndTestsLeaching': False}",2026-08-19T07:52:18.01,AS-33,probe-20260917-as33bastaprobe-2,2026-09-17,f195c5ac8c3129f49af7736cbab3ffe1e667b188a43dbeff37c15c5f12e0ffbb,42,88
700812,Signature Acoustic Stucco Mist,AQ0AUC93CE.UW0BU,"3,5mm Thick, 1mm Wear Layer, 1mm Acoustic Foam Backing, (609.6mm x 914.4mm)",,Amtico Signature Acoustic,05023510156055,,,B-500254768-4,1,ALFA,[1],['ALFA'],,https://www.bastaonline.se/?aid=700812,"{'id': 279, 'name': 'Amtico International AB', 'url': None}","{'code': '03104', 'name': 'Plastgolv'}","{'code': 'MFK.1', 'name': 'Beläggningar av matta eller plattor av plast utan krav på vattentäthet', 'aggregationName': None}","{'hasSubstancesCoveredByInformationRequirements': False, 'hasInformation': True, 'hasHealthAndEnvironmentalHazards': True, 'hasCircularity': True, 'hasRenewability': True, 'hasEnvironmentalEffects': True, 'hasEmissionsAndTests': True, 'hasArticleDocumentation': False, 'hasEpdDocumentation': False, 'hasBvdDocumentation': False, 'hasPbDocumentation': False, 'hasEmissionDocumentation': False, 'hasMhibetaDocumentation': False, 'hasSdbDocumentation': False, 'hasOtherDocumentation': False, 'hasCirculatedMaterials': True, 'hasReusability': False, 'hasReusabilityPercentage': False, 'hasRecyclability': False, 'hasRecyclabilityPercentage': False, 'hasCircularityBusinessModels': False, 'hasRenewableMaterials': True, 'hasBoverketEnvironmentalEffects': False, 'hasSwedishWoodArticle': False, 'hasEmissionsAndTestsVoc': True, 'hasEmissionsAndTestsFormaldehyde': True, 'hasEmissionsAndTestsCarcinogenic': True, 'hasEmissionsAndTestsLeaching': False}",2026-08-19T07:52:18.01,AS-33,probe-20260917-as33bastaprobe-2,2026-09-17,f195c5ac8c3129f49af7736cbab3ffe1e667b188a43dbeff37c15c5f12e0ffbb,42,89
700153,Signature Acoustic Helsinki,AQ0ACF90CE.WS0BU,"3,5mm Thick, 1mm Wear Layer, 1mm Acoustic Foam Backing, (914.4mm x 457.2mm)",,Amtico Signature Acoustic,05023510029878,,,B-500254768-4,1,ALFA,[1],['ALFA'],,https://www.bastaonline.se/?aid=700153,"{'id': 279, 'name': 'Amtico International AB', 'url': None}","{'code': '03104', 'name': 'Plastgolv'}","{'code': 'MFK.1', 'name': 'Beläggningar av matta eller plattor av plast utan krav på vattentäthet', 'aggregationName': None}","{'hasSubstancesCoveredByInformationRequirements': False, 'hasInformation': True, 'hasHealthAndEnvironmentalHazards': True, 'hasCircularity': True, 'hasRenewability': True, 'hasEnvironmentalEffects': True, 'hasEmissionsAndTests': True, 'hasArticleDocumentation': False, 'hasEpdDocumentation': False, 'hasBvdDocumentation': False, 'hasPbDocumentation': False, 'hasEmissionDocumentation': False, 'hasMhibetaDocumentation': False, 'hasSdbDocumentation': False, 'hasOtherDocumentation': False, 'hasCirculatedMaterials': True, 'hasReusability': False, 'hasReusabilityPercentage': False, 'hasRecyclability': False, 'hasRecyclabilityPercentage': False, 'hasCircularityBusinessModels': False, 'hasRenewableMaterials': True, 'hasBoverketEnvironmentalEffects': False, 'hasSwedishWoodArticle': False, 'hasEmissionsAndTestsVoc': True, 'hasEmissionsAndTestsFormaldehyde': True, 'hasEmissionsAndTestsCarcinogenic': True, 'hasEmissionsAndTestsLeaching': False}",2026-08-19T07:52:18.01,AS-33,probe-20260917-as33bastaprobe-2,2026-09-17,f195c5ac8c3129f49af7736cbab3ffe1e667b188a43dbeff37c15c5f12e0ffbb,42,90
700810,Signature Acoustic Stucco Mist,AQ0AUC93CE.SS0BU," 3,5mm Thick, 1mm Wear Layer, 1mm Acoustic Foam Backing, (457.2mm x 457.2mm)",,Amtico Signature Acoustic,05023510156031,,,B-500254768-4,1,ALFA,[1],['ALFA'],,https://www.bastaonline.se/?aid=700810,"{'id': 279, 'name': 'Amtico International AB', 'url': None}","{'code': '03104', 'name': 'Plastgolv'}","{'code': 'MFK.1', 'name': 'Beläggningar av matta eller plattor av plast utan krav på vattentäthet', 'aggregationName': None}","{'hasSubstancesCoveredByInformationRequirements': False, 'hasInformation': True, 'hasHealthAndEnvironmentalHazards': True, 'hasCircularity': True, 'hasRenewability': True, 'hasEnvironmentalEffects': True, 'hasEmissionsAndTests': True, 'hasArticleDocumentation': False, 'hasEpdDocumentation': False, 'hasBvdDocumentation': False, 'hasPbDocumentation': False, 'hasEmissionDocumentation': False, 'hasMhibetaDocumentation': False, 'hasSdbDocumentation': False, 'hasOtherDocumentation': False, 'hasCirculatedMaterials': True, 'hasReusability': False, 'hasReusabilityPercentage': False, 'hasRecyclability': False, 'hasRecyclabilityPercentage': False, 'hasCircularityBusinessModels': False, 'hasRenewableMaterials': True, 'hasBoverketEnvironmentalEffects': False, 'hasSwedishWoodArticle': False, 'hasEmissionsAndTestsVoc': True, 'hasEmissionsAndTestsFormaldehyde': True, 'hasEmissionsAndTestsCarcinogenic': True, 'hasEmissionsAndTestsLeaching': False}",2026-08-19T07:52:18.01,AS-33,probe-20260917-as33bastaprobe-2,2026-09-17,f195c5ac8c3129f49af7736cbab3ffe1e667b188a43dbeff37c15c5f12e0ffbb,42,91
700938,Signature Acoustic Verde Classic Marble,AQ0SCA87CE.WG0BU,"3,5mm Thick, 1mm Wear Layer, 1mm Acoustic Foam Backing, (914.4mm x 114.3mm)",,Amtico Signature Acoustic,05023510156765,,,B-500254768-4,1,ALFA,[1],['ALFA'],,https://www.bastaonline.se/?aid=700938,"{'id': 279, 'name': 'Amtico International AB', 'url': None}","{'code': '03104', 'name': 'Plastgolv'}","{'code': 'MFK.1', 'name': 'Beläggningar av matta eller plattor av plast utan krav på vattentäthet', 'aggregationName': None}","{'hasSubstancesCoveredByInformationRequirements': False, 'hasInformation': True, 'hasHealthAndEnvironmentalHazards': True, 'hasCircularity': True, 'hasRenewability': True, 'hasEnvironmentalEffects': True, 'hasEmissionsAndTests': True, 'hasArticleDocumentation': False, 'hasEpdDocumentation': False, 'hasBvdDocumentation': False, 'hasPbDocumentation': False, 'hasEmissionDocumentation': False, 'hasMhibetaDocumentation': False, 'hasSdbDocumentation': False, 'hasOtherDocumentation': False, 'hasCirculatedMaterials': True, 'hasReusability': False, 'hasReusabilityPercentage': False, 'hasRecyclability': False, 'hasRecyclabilityPercentage': False, 'hasCircularityBusinessModels': False, 'hasRenewableMaterials': True, 'hasBoverketEnvironmentalEffects': False, 'hasSwedishWoodArticle': False, 'hasEmissionsAndTestsVoc': True, 'hasEmissionsAndTestsFormaldehyde': True, 'hasEmissionsAndTestsCarcinogenic': True, 'hasEmissionsAndTestsLeaching': False}",2026-08-19T07:52:18.01,AS-33,probe-20260917-as33bastaprobe-2,2026-09-17,f195c5ac8c3129f49af7736cbab3ffe1e667b188a43dbeff37c15c5f12e0ffbb,42,92
700864,Signature Acoustic Stucco Roselle,AQ0AUC51CE.SS0BU," 3,5mm Thick, 1mm Wear Layer, 1mm Acoustic Foam Backing, (457.2mm x 457.2mm)",,Amtico Signature Acoustic,05023510155447,,,B-500254768-4,1,ALFA,[1],['ALFA'],,https://www.bastaonline.se/?aid=700864,"{'id': 279, 'name': 'Amtico International AB', 'url': None}","{'code': '03104', 'name': 'Plastgolv'}","{'code': 'MFK.1', 'name': 'Beläggningar av matta eller plattor av plast utan krav på vattentäthet', 'aggregationName': None}","{'hasSubstancesCoveredByInformationRequirements': False, 'hasInformation': True, 'hasHealthAndEnvironmentalHazards': True, 'hasCircularity': True, 'hasRenewability': True, 'hasEnvironmentalEffects': True, 'hasEmissionsAndTests': True, 'hasArticleDocumentation': False, 'hasEpdDocumentation': False, 'hasBvdDocumentation': False, 'hasPbDocumentation': False, 'hasEmissionDocumentation': False, 'hasMhibetaDocumentation': False, 'hasSdbDocumentation': False, 'hasOtherDocumentation': False, 'hasCirculatedMaterials': True, 'hasReusability': False, 'hasReusabilityPercentage': False, 'hasRecyclability': False, 'hasRecyclabilityPercentage': False, 'hasCircularityBusinessModels': False, 'hasRenewableMaterials': True, 'hasBoverketEnvironmentalEffects': False, 'hasSwedishWoodArticle': False, 'hasEmissionsAndTestsVoc': True, 'hasEmissionsAndTestsFormaldehyde': True, 'hasEmissionsAndTestsCarcinogenic': True, 'hasEmissionsAndTestsLeaching': False}",2026-08-19T07:52:18.01,AS-33,probe-20260917-as33bastaprobe-2,2026-09-17,f195c5ac8c3129f49af7736cbab3ffe1e667b188a43dbeff37c15c5f12e0ffbb,42,93
700849,Signature Acoustic Stucco Putty,AQ0AUC30CE.SP0BU," 3,5mm Thick, 1mm Wear Layer, 1mm Acoustic Foam Backing, (457.2mm x 304.8mm)",,Amtico Signature Acoustic,05023510154891,,,B-500254768-4,1,ALFA,[1],['ALFA'],,https://www.bastaonline.se/?aid=700849,"{'id': 279, 'name': 'Amtico International AB', 'url': None}","{'code': '03104', 'name': 'Plastgolv'}","{'code': 'MFK.1', 'name': 'Beläggningar av matta eller plattor av plast utan krav på vattentäthet', 'aggregationName': None}","{'hasSubstancesCoveredByInformationRequirements': False, 'hasInformation': True, 'hasHealthAndEnvironmentalHazards': True, 'hasCircularity': True, 'hasRenewability': True, 'hasEnvironmentalEffects': True, 'hasEmissionsAndTests': True, 'hasArticleDocumentation': False, 'hasEpdDocumentation': False, 'hasBvdDocumentation': False, 'hasPbDocumentation': False, 'hasEmissionDocumentation': False, 'hasMhibetaDocumentation': False, 'hasSdbDocumentation': False, 'hasOtherDocumentation': False, 'hasCirculatedMaterials': True, 'hasReusability': False, 'hasReusabilityPercentage': False, 'hasRecyclability': False, 'hasRecyclabilityPercentage': False, 'hasCircularityBusinessModels': False, 'hasRenewableMaterials': True, 'hasBoverketEnvironmentalEffects': False, 'hasSwedishWoodArticle': False, 'hasEmissionsAndTestsVoc': True, 'hasEmissionsAndTestsFormaldehyde': True, 'hasEmissionsAndTestsCarcinogenic': True, 'hasEmissionsAndTestsLeaching': False}",2026-08-19T07:52:18.01,AS-33,probe-20260917-as33bastaprobe-2,2026-09-17,f195c5ac8c3129f49af7736cbab3ffe1e667b188a43dbeff37c15c5f12e0ffbb,42,94
700088,Signature Acoustic Grey Burnished Metal,AQ0ARH13CE.PP0BU," 3,5mm Thick, 1mm Wear Layer, 1mm Acoustic Foam Backing, (304.8mm x 304.8mm)",,Amtico Signature Acoustic,05023510154174,,,B-500254768-4,1,ALFA,[1],['ALFA'],,https://www.bastaonline.se/?aid=700088,"{'id': 279, 'name': 'Amtico International AB', 'url': None}","{'code': '03104', 'name': 'Plastgolv'}","{'code': 'MFK.1', 'name': 'Beläggningar av matta eller plattor av plast utan krav på vattentäthet', 'aggregationName': None}","{'hasSubstancesCoveredByInformationRequirements': False, 'hasInformation': True, 'hasHealthAndEnvironmentalHazards': True, 'hasCircularity': True, 'hasRenewability': True, 'hasEnvironmentalEffects': True, 'hasEmissionsAndTests': True, 'hasArticleDocumentation': False, 'hasEpdDocumentation': False, 'hasBvdDocumentation': False, 'hasPbDocumentation': False, 'hasEmissionDocumentation': False, 'hasMhibetaDocumentation': False, 'hasSdbDocumentation': False, 'hasOtherDocumentation': False, 'hasCirculatedMaterials': True, 'hasReusability': False, 'hasReusabilityPercentage': False, 'hasRecyclability': False, 'hasRecyclabilityPercentage': False, 'hasCircularityBusinessModels': False, 'hasRenewableMaterials': True, 'hasBoverketEnvironmentalEffects': False, 'hasSwedishWoodArticle': False, 'hasEmissionsAndTestsVoc': True, 'hasEmissionsAndTestsFormaldehyde': True, 'hasEmissionsAndTestsCarcinogenic': True, 'hasEmissionsAndTestsLeaching': False}",2026-08-19T07:52:18.01,AS-33,probe-20260917-as33bastaprobe-2,2026-09-17,f195c5ac8c3129f49af7736cbab3ffe1e667b188a43dbeff37c15c5f12e0ffbb,42,95
700054,Signature Acoustic Golden Oak,AQ0W7510WE.WG0BU,"3,5mm Thick, 1mm Wear Layer, 1mm Acoustic Foam Backing, (914.4mm x 114.3mm)",,Amtico Signature Acoustic,05023510165019,,,B-500254768-4,1,ALFA,[1],['ALFA'],,https://www.bastaonline.se/?aid=700054,"{'id': 279, 'name': 'Amtico International AB', 'url': None}","{'code': '03104', 'name': 'Plastgolv'}","{'code': 'MFK.1', 'name': 'Beläggningar av matta eller plattor av plast utan krav på vattentäthet', 'aggregationName': None}","{'hasSubstancesCoveredByInformationRequirements': False, 'hasInformation': True, 'hasHealthAndEnvironmentalHazards': True, 'hasCircularity': True, 'hasRenewability': True, 'hasEnvironmentalEffects': True, 'hasEmissionsAndTests': True, 'hasArticleDocumentation': False, 'hasEpdDocumentation': False, 'hasBvdDocumentation': False, 'hasPbDocumentation': False, 'hasEmissionDocumentation': False, 'hasMhibetaDocumentation': False, 'hasSdbDocumentation': False, 'hasOtherDocumentation': False, 'hasCirculatedMaterials': True, 'hasReusability': False, 'hasReusabilityPercentage': False, 'hasRecyclability': False, 'hasRecyclabilityPercentage': False, 'hasCircularityBusinessModels': False, 'hasRenewableMaterials': True, 'hasBoverketEnvironmentalEffects': False, 'hasSwedishWoodArticle': False, 'hasEmissionsAndTestsVoc': True, 'hasEmissionsAndTestsFormaldehyde': True, 'hasEmissionsAndTestsCarcinogenic': True, 'hasEmissionsAndTestsLeaching': False}",2026-08-19T07:53:03.473,AS-33,probe-20260917-as33bastaprobe-2,2026-09-17,f195c5ac8c3129f49af7736cbab3ffe1e667b188a43dbeff37c15c5f12e0ffbb,42,96
700824,Signature Acoustic Stucco Nutmeg,AQ0AUC89CE.WG0BU,"3,5mm Thick, 1mm Wear Layer, 1mm Acoustic Foam Backing, (914.4mm x 114.3mm)",,Amtico Signature Acoustic,05023510155775,,,B-500254768-4,1,ALFA,[1],['ALFA'],,https://www.bastaonline.se/?aid=700824,"{'id': 279, 'name': 'Amtico International AB', 'url': None}","{'code': '03104', 'name': 'Plastgolv'}","{'code': 'MFK.1', 'name': 'Beläggningar av matta eller plattor av plast utan krav på vattentäthet', 'aggregationName': None}","{'hasSubstancesCoveredByInformationRequirements': False, 'hasInformation': True, 'hasHealthAndEnvironmentalHazards': True, 'hasCircularity': True, 'hasRenewability': True, 'hasEnvironmentalEffects': True, 'hasEmissionsAndTests': True, 'hasArticleDocumentation': False, 'hasEpdDocumentation': False, 'hasBvdDocumentation': False, 'hasPbDocumentation': False, 'hasEmissionDocumentation': False, 'hasMhibetaDocumentation': False, 'hasSdbDocumentation': False, 'hasOtherDocumentation': False, 'hasCirculatedMaterials': True, 'hasReusability': False, 'hasReusabilityPercentage': False, 'hasRecyclability': False, 'hasRecyclabilityPercentage': False, 'hasCircularityBusinessModels': False, 'hasRenewableMaterials': True, 'hasBoverketEnvironmentalEffects': False, 'hasSwedishWoodArticle': False, 'hasEmissionsAndTestsVoc': True, 'hasEmissionsAndTestsFormaldehyde': True, 'hasEmissionsAndTestsCarcinogenic': True, 'hasEmissionsAndTestsLeaching': False}",2026-08-19T07:52:18.01,AS-33,probe-20260917-as33bastaprobe-2,2026-09-17,f195c5ac8c3129f49af7736cbab3ffe1e667b188a43dbeff37c15c5f12e0ffbb,42,97
700189,Signature Acoustic Kura Anise,AQ0SKU39CE.YM0BU," 3,5mm Thick, 1mm Wear Layer, 1mm Acoustic Foam Backing, (1219.2mm x 228.6mm)",,Amtico Signature Acoustic,05023510032137,,,B-500254768-4,1,ALFA,[1],['ALFA'],,https://www.bastaonline.se/?aid=700189,"{'id': 279, 'name': 'Amtico International AB', 'url': None}","{'code': '03104', 'name': 'Plastgolv'}","{'code': 'MFK.1', 'name': 'Beläggningar av matta eller plattor av plast utan krav på vattentäthet', 'aggregationName': None}","{'hasSubstancesCoveredByInformationRequirements': False, 'hasInformation': True, 'hasHealthAndEnvironmentalHazards': True, 'hasCircularity': True, 'hasRenewability': True, 'hasEnvironmentalEffects': True, 'hasEmissionsAndTests': True, 'hasArticleDocumentation': False, 'hasEpdDocumentation': False, 'hasBvdDocumentation': False, 'hasPbDocumentation': False, 'hasEmissionDocumentation': False, 'hasMhibetaDocumentation': False, 'hasSdbDocumentation': False, 'hasOtherDocumentation': False, 'hasCirculatedMaterials': True, 'hasReusability': False, 'hasReusabilityPercentage': False, 'hasRecyclability': False, 'hasRecyclabilityPercentage': False, 'hasCircularityBusinessModels': False, 'hasRenewableMaterials': True, 'hasBoverketEnvironmentalEffects': False, 'hasSwedishWoodArticle': False, 'hasEmissionsAndTestsVoc': True, 'hasEmissionsAndTestsFormaldehyde': True, 'hasEmissionsAndTestsCarcinogenic': True, 'hasEmissionsAndTestsLeaching': False}",2026-08-19T07:52:18.01,AS-33,probe-20260917-as33bastaprobe-2,2026-09-17,f195c5ac8c3129f49af7736cbab3ffe1e667b188a43dbeff37c15c5f12e0ffbb,42,98
700086,Signature Acoustic Graphite Slate,AQ0SSL23CT.WS0BU,"3,5mm Thick, 1mm Wear Layer, 1mm Acoustic Foam Backing, (914.4mm x 457.2mm)",,Amtico Signature Acoustic,05023510035763,,,B-500254768-4,1,ALFA,[1],['ALFA'],,https://www.bastaonline.se/?aid=700086,"{'id': 279, 'name': 'Amtico International AB', 'url': None}","{'code': '03104', 'name': 'Plastgolv'}","{'code': 'MFK.1', 'name': 'Beläggningar av matta eller plattor av plast utan krav på vattentäthet', 'aggregationName': None}","{'hasSubstancesCoveredByInformationRequirements': False, 'hasInformation': True, 'hasHealthAndEnvironmentalHazards': True, 'hasCircularity': True, 'hasRenewability': True, 'hasEnvironmentalEffects': True, 'hasEmissionsAndTests': True, 'hasArticleDocumentation': False, 'hasEpdDocumentation': False, 'hasBvdDocumentation': False, 'hasPbDocumentation': False, 'hasEmissionDocumentation': False, 'hasMhibetaDocumentation': False, 'hasSdbDocumentation': False, 'hasOtherDocumentation': False, 'hasCirculatedMaterials': True, 'hasReusability': False, 'hasReusabilityPercentage': False, 'hasRecyclability': False, 'hasRecyclabilityPercentage': False, 'hasCircularityBusinessModels': False, 'hasRenewableMaterials': True, 'hasBoverketEnvironmentalEffects': False, 'hasSwedishWoodArticle': False, 'hasEmissionsAndTestsVoc': True, 'hasEmissionsAndTestsFormaldehyde': True, 'hasEmissionsAndTestsCarcinogenic': True, 'hasEmissionsAndTestsLeaching': False}",2026-08-19T07:52:40.7,AS-33,probe-20260917-as33bastaprobe-2,2026-09-17,f195c5ac8c3129f49af7736cbab3ffe1e667b188a43dbeff37c15c5f12e0ffbb,42,99
700131,Signature Acoustic Harbour Pine,AQ0W7990WE.SS0BU," 3,5mm Thick, 1mm Wear Layer, 1mm Acoustic Foam Backing, (457.2mm x 457.2mm)",,Amtico Signature Acoustic,05023510169260,,,B-500254768-4,1,ALFA,[1],['ALFA'],,https://www.bastaonline.se/?aid=700131,"{'id': 279, 'name': 'Amtico International AB', 'url': None}","{'code': '03104', 'name': 'Plastgolv'}","{'code': 'MFK.1', 'name': 'Beläggningar av matta eller plattor av plast utan krav på vattentäthet', 'aggregationName': None}","{'hasSubstancesCoveredByInformationRequirements': False, 'hasInformation': True, 'hasHealthAndEnvironmentalHazards': True, 'hasCircularity': True, 'hasRenewability': True, 'hasEnvironmentalEffects': True, 'hasEmissionsAndTests': True, 'hasArticleDocumentation': False, 'hasEpdDocumentation': False, 'hasBvdDocumentation': False, 'hasPbDocumentation': False, 'hasEmissionDocumentation': False, 'hasMhibetaDocumentation': False, 'hasSdbDocumentation': False, 'hasOtherDocumentation': False, 'hasCirculatedMaterials': True, 'hasReusability': False, 'hasReusabilityPercentage': False, 'hasRecyclability': False, 'hasRecyclabilityPercentage': False, 'hasCircularityBusinessModels': False, 'hasRenewableMaterials': True, 'hasBoverketEnvironmentalEffects': False, 'hasSwedishWoodArticle': False, 'hasEmissionsAndTestsVoc': True, 'hasEmissionsAndTestsFormaldehyde': True, 'hasEmissionsAndTestsCarcinogenic': True, 'hasEmissionsAndTestsLeaching': False}",2026-08-19T07:53:03.473,AS-33,probe-20260917-as33bastaprobe-2,2026-09-17,f195c5ac8c3129f49af7736cbab3ffe1e667b188a43dbeff37c15c5f12e0ffbb,42,100
